Cycle Nr.,1,2,3,4,5,6,7,8,9,10,11,12,13,14,15,16,17,18,19,20,21,22,23,24,25,26,27,28,29,30,31,32,33,34,35,36,37,38,39,40,41,42,43,44,45,46,47,48,49,50,51,52,53,54,55,56,57,58,59,60,61,62,63,64,65,66,67,68,69,70,71,72,73,74,75,76,77,78,79,80,81,82,83,84,85,86,87,88,89,90,91,92,93,94,95,96,97,98,99,100,101,102,103,104,105,106,107,108,109,110,111,112,113,114,115,116,117,118,119,120,121,122,123,124,125,126,127,128,129,130,131,132,133,134,135,136,137,138,139,140,141,142,143,144,145,146,147,148,149,150,151,152,153,154,155,156,157,158,159,160,161,162,163,164,165,166,167,168,169,170,171,172,173,174,175,176,177
Time [s],0,395.895,791.329,1186.776,1582.207,1977.738,2373.27,2768.682,3164.184,3559.551,3954.977,4350.436,4745.875,5141.345,5536.737,5932.165,6327.717,6723.216,7118.622,7514.14,7909.538,8304.979,8700.432,9095.915,9491.358,9886.845,10282.325,10677.859,11073.263,11468.638,11864.122,12259.533,12654.952,13050.472,13445.912,13841.317,14236.86,14632.383,15027.768,15423.316,15818.79,16214.211,16609.68,17005.23,17400.676,17796.21,18191.621,18586.988,18982.522,19377.974,19773.387,20168.877,20564.348,20959.764,21355.301,21750.797,22146.206,22541.742,22937.279,23332.647,23728.11,24123.598,24519.004,24914.467,25309.928,25705.367,26100.841,26496.277,26891.839,27287.325,27682.724,28078.258,28473.697,28869.098,29264.577,29660.071,30055.482,30450.995,30846.442,31241.981,31637.388,32032.758,32428.31,32823.77,33219.2,33614.67,34010.167,34405.619,34801.155,35196.619,35592.088,35987.535,36382.976,36778.53,37174.021,37569.456,37964.917,38360.365,38755.791,39151.248,39546.715,39942.22,40337.643,40733.094,41128.647,41524.158,41919.574,42315.054,42710.475,43105.9,43501.395,43896.864,44292.319,44687.802,45083.237,45478.776,45874.239,46269.631,46665.109,47060.475,47455.916,47851.398,48246.855,48642.29,49037.852,49433.336,49828.715,50224.199,50619.715,51015.104,51410.606,51806.096,52201.478,52597.013,52992.488,53387.867,53783.368,54178.846,54574.263,54969.791,55365.273,55760.647,56156.168,56551.557,56946.972,57342.45,57737.923,58133.338,58528.853,58924.325,59319.734,59715.185,60110.649,60506.054,60901.518,61297.001,61692.374,62087.896,62483.351,62878.766,63274.241,63669.774,64065.178,64460.711,64856.178,65251.54,65647.059,66042.475,66437.893,66833.363,67228.843,67624.252,68019.804,68415.365,68810.72,69206.236,69601.688
Temp. [Â°C],36.6,36.9,37.1,37.1,37.1,37,37.1,37.1,37.1,37.1,37.1,37,37.1,37.1,37,37.1,37.1,37.1,37,37,37.1,37.1,37.1,37.1,37,37.1,37,37,37.1,37.1,37.1,37,37,37.1,37.1,37.1,37.1,37.1,37,37,37.1,37.1,37.1,37.1,37,37,37,37.1,37.1,37.1,37.1,37,37.1,37,37.1,37.1,37.1,37.1,37,37,37,37.1,37.1,37.1,37,37,37,37.1,37.1,37.1,37.1,37,37,37,37.1,37.1,37.1,37.1,37.1,37,37,37.1,37.1,37.1,37,37,37,37,37,37.1,37.1,37.1,37,37,37,37.1,37.1,37.1,37,37,37,37.1,37.1,37.1,37,37,37.1,37.1,37.1,37.1,37.1,37,37.1,37.1,37.1,37.1,37.1,37.1,37,37,37.1,37.1,37.1,37.1,37,37.1,37.1,37.1,37.1,37.1,37.1,37,37.1,37,37,37,37.1,37.1,37,37.1,37,37.1,37.1,37.1,37.1,37,37.1,37.1,37.1,37.1,37.1,37,37.1,37.1,37.1,37.1,37.1,37.1,37.1,37.1,37.1,37.1,37.1,37.1,37,37.1,37,37.1,37.1,37.1,37.1,37,37.1,37,37.1,37.1,37.1
A1,,,,,,,,,,,,,,,,,,,,,,,,,,,,,,,,,,,,,,,,,,,,,,,,,,,,,,,,,,,,,,,,,,,,,,,,,,,,,,,,,,,,,,,,,,,,,,,,,,,,,,,,,,,,,,,,,,,,,,,,,,,,,,,,,,,,,,,,,,,,,,,,,,,,,,,,,,,,,,,,,,,,,,,,,,,,,,,,,
A2,,,,,,,,,,,,,,,,,,,,,,,,,,,,,,,,,,,,,,,,,,,,,,,,,,,,,,,,,,,,,,,,,,,,,,,,,,,,,,,,,,,,,,,,,,,,,,,,,,,,,,,,,,,,,,,,,,,,,,,,,,,,,,,,,,,,,,,,,,,,,,,,,,,,,,,,,,,,,,,,,,,,,,,,,,,,,,,,,
A3,,,,,,,,,,,,,,,,,,,,,,,,,,,,,,,,,,,,,,,,,,,,,,,,,,,,,,,,,,,,,,,,,,,,,,,,,,,,,,,,,,,,,,,,,,,,,,,,,,,,,,,,,,,,,,,,,,,,,,,,,,,,,,,,,,,,,,,,,,,,,,,,,,,,,,,,,,,,,,,,,,,,,,,,,,,,,,,,,
A4,,,,,,,,,,,,,,,,,,,,,,,,,,,,,,,,,,,,,,,,,,,,,,,,,,,,,,,,,,,,,,,,,,,,,,,,,,,,,,,,,,,,,,,,,,,,,,,,,,,,,,,,,,,,,,,,,,,,,,,,,,,,,,,,,,,,,,,,,,,,,,,,,,,,,,,,,,,,,,,,,,,,,,,,,,,,,,,,,
A5,,,,,,,,,,,,,,,,,,,,,,,,,,,,,,,,,,,,,,,,,,,,,,,,,,,,,,,,,,,,,,,,,,,,,,,,,,,,,,,,,,,,,,,,,,,,,,,,,,,,,,,,,,,,,,,,,,,,,,,,,,,,,,,,,,,,,,,,,,,,,,,,,,,,,,,,,,,,,,,,,,,,,,,,,,,,,,,,,
A6,,,,,,,,,,,,,,,,,,,,,,,,,,,,,,,,,,,,,,,,,,,,,,,,,,,,,,,,,,,,,,,,,,,,,,,,,,,,,,,,,,,,,,,,,,,,,,,,,,,,,,,,,,,,,,,,,,,,,,,,,,,,,,,,,,,,,,,,,,,,,,,,,,,,,,,,,,,,,,,,,,,,,,,,,,,,,,,,,
A7,,,,,,,,,,,,,,,,,,,,,,,,,,,,,,,,,,,,,,,,,,,,,,,,,,,,,,,,,,,,,,,,,,,,,,,,,,,,,,,,,,,,,,,,,,,,,,,,,,,,,,,,,,,,,,,,,,,,,,,,,,,,,,,,,,,,,,,,,,,,,,,,,,,,,,,,,,,,,,,,,,,,,,,,,,,,,,,,,
A8,,,,,,,,,,,,,,,,,,,,,,,,,,,,,,,,,,,,,,,,,,,,,,,,,,,,,,,,,,,,,,,,,,,,,,,,,,,,,,,,,,,,,,,,,,,,,,,,,,,,,,,,,,,,,,,,,,,,,,,,,,,,,,,,,,,,,,,,,,,,,,,,,,,,,,,,,,,,,,,,,,,,,,,,,,,,,,,,,
A9,,,,,,,,,,,,,,,,,,,,,,,,,,,,,,,,,,,,,,,,,,,,,,,,,,,,,,,,,,,,,,,,,,,,,,,,,,,,,,,,,,,,,,,,,,,,,,,,,,,,,,,,,,,,,,,,,,,,,,,,,,,,,,,,,,,,,,,,,,,,,,,,,,,,,,,,,,,,,,,,,,,,,,,,,,,,,,,,,
A10,,,,,,,,,,,,,,,,,,,,,,,,,,,,,,,,,,,,,,,,,,,,,,,,,,,,,,,,,,,,,,,,,,,,,,,,,,,,,,,,,,,,,,,,,,,,,,,,,,,,,,,,,,,,,,,,,,,,,,,,,,,,,,,,,,,,,,,,,,,,,,,,,,,,,,,,,,,,,,,,,,,,,,,,,,,,,,,,,
A11,,,,,,,,,,,,,,,,,,,,,,,,,,,,,,,,,,,,,,,,,,,,,,,,,,,,,,,,,,,,,,,,,,,,,,,,,,,,,,,,,,,,,,,,,,,,,,,,,,,,,,,,,,,,,,,,,,,,,,,,,,,,,,,,,,,,,,,,,,,,,,,,,,,,,,,,,,,,,,,,,,,,,,,,,,,,,,,,,
A12,,,,,,,,,,,,,,,,,,,,,,,,,,,,,,,,,,,,,,,,,,,,,,,,,,,,,,,,,,,,,,,,,,,,,,,,,,,,,,,,,,,,,,,,,,,,,,,,,,,,,,,,,,,,,,,,,,,,,,,,,,,,,,,,,,,,,,,,,,,,,,,,,,,,,,,,,,,,,,,,,,,,,,,,,,,,,,,,,
B1,,,,,,,,,,,,,,,,,,,,,,,,,,,,,,,,,,,,,,,,,,,,,,,,,,,,,,,,,,,,,,,,,,,,,,,,,,,,,,,,,,,,,,,,,,,,,,,,,,,,,,,,,,,,,,,,,,,,,,,,,,,,,,,,,,,,,,,,,,,,,,,,,,,,,,,,,,,,,,,,,,,,,,,,,,,,,,,,,
B2,0.0879,0.0879,0.088,0.088,0.0879,0.0881,0.0881,0.0879,0.0877,0.0878,0.0879,0.0878,0.0879,0.088,0.0881,0.0879,0.0879,0.088,0.0879,0.088,0.088,0.088,0.0877,0.0877,0.0878,0.0879,0.088,0.088,0.0881,0.0881,0.0881,0.0881,0.0882,0.088,0.0879,0.088,0.0878,0.088,0.0878,0.088,0.0879,0.088,0.0881,0.0881,0.0881,0.0882,0.0881,0.088,0.0879,0.0879,0.0878,0.0879,0.0878,0.0879,0.0879,0.088,0.088,0.0881,0.0879,0.0879,0.0877,0.0879,0.0879,0.0878,0.0879,0.088,0.088,0.0881,0.0879,0.0879,0.0879,0.0878,0.0878,0.088,0.0879,0.0881,0.0881,0.0881,0.0881,0.0879,0.0879,0.0878,0.0879,0.0878,0.0879,0.0879,0.0881,0.088,0.088,0.0878,0.0878,0.0878,0.0878,0.088,0.0879,0.0879,0.0881,0.0881,0.088,0.0879,0.0879,0.0879,0.0878,0.088,0.0881,0.0881,0.0881,0.088,0.088,0.0879,0.0877,0.0878,0.0879,0.0878,0.0881,0.0881,0.0881,0.0881,0.088,0.0878,0.0878,0.088,0.0878,0.0878,0.088,0.0881,0.0881,0.0881,0.088,0.0878,0.0878,0.0878,0.0879,0.0879,0.0879,0.088,0.0881,0.088,0.0881,0.088,0.0879,0.0879,0.0879,0.0879,0.0881,0.0881,0.0879,0.088,0.0879,0.0878,0.0878,0.088,0.0879,0.0879,0.088,0.088,0.088,0.088,0.0879,0.0878,0.0879,0.0878,0.0878,0.088,0.0879,0.0882,0.0879,0.088,0.0881,0.0879,0.0878,0.0878,0.0878,0.0878,0.088,0.0881,0.088
B3,0.0876,0.0877,0.0875,0.0877,0.0877,0.0876,0.0876,0.0877,0.0875,0.0876,0.0877,0.0875,0.0876,0.0875,0.0877,0.0876,0.0876,0.0875,0.0877,0.0876,0.0876,0.0876,0.0875,0.0875,0.0875,0.0876,0.0876,0.0876,0.0876,0.0877,0.0875,0.0876,0.0877,0.0877,0.0874,0.0877,0.0876,0.0876,0.0876,0.0875,0.0876,0.0876,0.0877,0.0877,0.0877,0.0877,0.0876,0.0877,0.0877,0.0876,0.0876,0.0876,0.0876,0.0876,0.0876,0.0875,0.0877,0.0878,0.0877,0.0876,0.0876,0.0876,0.0876,0.0876,0.0876,0.0875,0.0875,0.0877,0.0876,0.0875,0.0876,0.0876,0.0875,0.0878,0.0877,0.0876,0.0875,0.0877,0.0877,0.0877,0.0876,0.0876,0.0877,0.0876,0.0876,0.0876,0.0875,0.0878,0.0877,0.0876,0.0876,0.0875,0.0876,0.0876,0.0877,0.0878,0.0877,0.0876,0.0877,0.0876,0.0876,0.0876,0.0876,0.0879,0.0877,0.0877,0.0877,0.0876,0.0876,0.0876,0.0876,0.0876,0.0877,0.0877,0.0877,0.0876,0.0878,0.0878,0.0877,0.0877,0.0877,0.0878,0.0877,0.0878,0.0878,0.0877,0.0878,0.0877,0.0878,0.0877,0.0877,0.0877,0.0877,0.0878,0.0877,0.0878,0.0878,0.0878,0.0879,0.0878,0.0877,0.0877,0.0877,0.0876,0.0877,0.0877,0.0877,0.0877,0.0877,0.0876,0.0877,0.0878,0.0877,0.0877,0.0877,0.0878,0.0878,0.0877,0.0877,0.0877,0.0877,0.0877,0.0879,0.0878,0.0877,0.0878,0.0877,0.0878,0.0878,0.0877,0.0877,0.0878,0.0878,0.0876,0.0879,0.0878,0.0877
B4,0.087,0.087,0.087,0.087,0.087,0.087,0.0869,0.0869,0.0869,0.087,0.087,0.0868,0.0869,0.087,0.0869,0.0869,0.0869,0.0868,0.087,0.0869,0.0869,0.0868,0.087,0.0869,0.0868,0.0869,0.0869,0.0868,0.0869,0.0869,0.0869,0.0869,0.087,0.087,0.0868,0.087,0.087,0.0869,0.087,0.0869,0.0868,0.087,0.087,0.0869,0.0869,0.087,0.0869,0.0869,0.087,0.0869,0.087,0.0869,0.0869,0.087,0.0869,0.0869,0.0871,0.0869,0.0868,0.0869,0.0868,0.0869,0.0869,0.0869,0.0868,0.0868,0.0868,0.0869,0.0869,0.0867,0.087,0.0869,0.0869,0.0869,0.0869,0.0868,0.0868,0.0869,0.087,0.0869,0.0869,0.087,0.0869,0.0869,0.087,0.0868,0.0869,0.087,0.0869,0.0869,0.0869,0.0869,0.087,0.087,0.087,0.087,0.0869,0.087,0.0869,0.0869,0.0869,0.0869,0.0868,0.087,0.0871,0.0868,0.087,0.0869,0.0869,0.0869,0.0869,0.087,0.0869,0.0869,0.0869,0.087,0.0869,0.087,0.087,0.0869,0.0869,0.087,0.087,0.087,0.087,0.0869,0.087,0.087,0.087,0.0869,0.087,0.0869,0.087,0.0869,0.0869,0.0871,0.087,0.087,0.0872,0.087,0.0868,0.0869,0.0869,0.0869,0.0869,0.0869,0.087,0.0869,0.0869,0.0868,0.0869,0.087,0.0869,0.0868,0.0869,0.0869,0.0869,0.087,0.0869,0.0869,0.087,0.0869,0.0871,0.087,0.0869,0.0869,0.087,0.087,0.0869,0.087,0.0869,0.087,0.087,0.0868,0.087,0.087,0.087
B5,0.0871,0.087,0.0868,0.0868,0.0869,0.0869,0.0868,0.0868,0.0868,0.0868,0.0868,0.0867,0.0868,0.0868,0.0867,0.0868,0.0868,0.0868,0.0869,0.0868,0.0869,0.0868,0.0867,0.0867,0.0866,0.0867,0.0867,0.0868,0.0867,0.0868,0.0868,0.0867,0.0868,0.0867,0.0867,0.0868,0.0867,0.0867,0.0867,0.0867,0.0867,0.0867,0.0868,0.0868,0.0868,0.0869,0.0867,0.0868,0.0869,0.0866,0.0867,0.0866,0.0867,0.0868,0.0868,0.0867,0.0868,0.0868,0.0867,0.0867,0.0867,0.0867,0.0867,0.0867,0.0867,0.0868,0.0867,0.0867,0.0867,0.0868,0.0869,0.0867,0.0868,0.0869,0.0867,0.0867,0.0868,0.0869,0.0868,0.0867,0.0866,0.0867,0.0868,0.0868,0.0867,0.0868,0.0867,0.0868,0.0868,0.0868,0.0867,0.0867,0.0868,0.0868,0.0867,0.0868,0.0868,0.0868,0.0868,0.0868,0.0868,0.0867,0.0867,0.0868,0.0869,0.0867,0.0869,0.0868,0.0869,0.0868,0.0868,0.0867,0.0868,0.0867,0.0868,0.0868,0.0867,0.0868,0.0868,0.0868,0.0868,0.0868,0.0867,0.0868,0.0869,0.0867,0.0869,0.0868,0.0868,0.0868,0.0869,0.0866,0.0868,0.0868,0.0866,0.0869,0.0869,0.0867,0.0869,0.0869,0.0867,0.0868,0.0868,0.0868,0.0868,0.0868,0.0867,0.0867,0.0867,0.0866,0.0869,0.0869,0.0866,0.0868,0.0867,0.0867,0.0868,0.0868,0.0867,0.0868,0.0869,0.0867,0.0868,0.0868,0.0867,0.0868,0.0867,0.0868,0.0869,0.0867,0.0867,0.0868,0.0868,0.0866,0.0869,0.0867,0.0868
B6,0.0871,0.0871,0.0872,0.0872,0.0872,0.0873,0.0871,0.0871,0.0871,0.0873,0.0873,0.0872,0.0872,0.0871,0.0872,0.0872,0.0872,0.0871,0.0872,0.0871,0.0872,0.0872,0.0871,0.087,0.0871,0.0872,0.0871,0.0871,0.087,0.0871,0.0871,0.087,0.0872,0.0871,0.0869,0.0872,0.087,0.0869,0.087,0.087,0.0871,0.087,0.0872,0.0871,0.0871,0.0871,0.0869,0.087,0.087,0.087,0.087,0.0869,0.0869,0.0869,0.087,0.0869,0.0869,0.0869,0.0868,0.0869,0.0869,0.0868,0.0869,0.0868,0.0868,0.0868,0.0868,0.0869,0.0869,0.0868,0.0869,0.0869,0.0868,0.087,0.0869,0.0868,0.0868,0.0868,0.0868,0.0867,0.0868,0.0868,0.0868,0.0868,0.0869,0.0869,0.0867,0.0869,0.0868,0.0867,0.0867,0.0868,0.0869,0.0869,0.0867,0.0869,0.0867,0.0868,0.0869,0.0868,0.0868,0.0868,0.0868,0.0869,0.0868,0.0868,0.0868,0.0868,0.0868,0.0868,0.0868,0.0869,0.0868,0.0867,0.0868,0.0868,0.0868,0.0868,0.0868,0.0868,0.0867,0.0868,0.0868,0.0868,0.0869,0.0868,0.0868,0.0869,0.0868,0.0868,0.0869,0.0868,0.0868,0.0868,0.0867,0.0868,0.0868,0.0867,0.0868,0.0869,0.0866,0.0868,0.0867,0.0867,0.0867,0.0867,0.0868,0.0868,0.0868,0.0866,0.0867,0.087,0.0867,0.0867,0.0868,0.0867,0.0868,0.0867,0.0867,0.0866,0.0869,0.0868,0.0868,0.0868,0.0867,0.0869,0.0868,0.0868,0.0868,0.0867,0.0868,0.0868,0.0868,0.0867,0.0869,0.0868,0.0868
B7,0.0878,0.0878,0.0878,0.0878,0.088,0.0879,0.0878,0.088,0.0877,0.0879,0.0879,0.0877,0.0879,0.0878,0.0879,0.0879,0.0879,0.0877,0.0879,0.0877,0.0877,0.0879,0.0878,0.088,0.0879,0.0879,0.0879,0.0877,0.0878,0.0878,0.0879,0.0878,0.0878,0.0879,0.0878,0.0878,0.0878,0.0877,0.0877,0.0879,0.0879,0.0879,0.0879,0.0879,0.0878,0.0879,0.0877,0.0878,0.0878,0.0878,0.088,0.0879,0.0877,0.0878,0.0878,0.0878,0.0878,0.0879,0.0878,0.0878,0.0879,0.0878,0.0877,0.0877,0.0878,0.0877,0.0877,0.0879,0.0877,0.0877,0.0878,0.0879,0.0877,0.0879,0.0879,0.0878,0.0877,0.0878,0.0878,0.0877,0.0877,0.0879,0.0878,0.0878,0.0879,0.0878,0.0876,0.0879,0.0878,0.0879,0.0878,0.0877,0.0878,0.0879,0.0878,0.0879,0.0878,0.0878,0.0879,0.0878,0.0878,0.0878,0.0878,0.088,0.0878,0.0877,0.0879,0.0877,0.0878,0.0878,0.0877,0.0879,0.0878,0.0877,0.0878,0.0877,0.0877,0.0878,0.0878,0.0878,0.0878,0.0878,0.0879,0.0879,0.0878,0.0878,0.0878,0.0877,0.0879,0.0879,0.0878,0.0878,0.0878,0.0878,0.0877,0.0878,0.0878,0.0878,0.0878,0.0878,0.0877,0.0879,0.0877,0.0878,0.0877,0.0878,0.0877,0.0878,0.0878,0.0877,0.0878,0.0879,0.0877,0.0879,0.0877,0.0877,0.0879,0.0878,0.0878,0.0877,0.0879,0.0878,0.0878,0.0878,0.0878,0.0878,0.0877,0.0879,0.0879,0.0879,0.0878,0.0878,0.0877,0.0876,0.0878,0.0878,0.0877
B8,0.0885,0.0891,0.0891,0.0892,0.0891,0.0894,0.0892,0.0893,0.0891,0.0892,0.0892,0.089,0.089,0.089,0.0889,0.0889,0.089,0.0888,0.0889,0.0889,0.0888,0.0887,0.0888,0.0887,0.0887,0.0888,0.0888,0.0887,0.0887,0.0888,0.0887,0.0887,0.0887,0.0888,0.0887,0.0889,0.0887,0.0886,0.0887,0.0887,0.0888,0.0888,0.0888,0.0886,0.0888,0.0887,0.0885,0.0887,0.0886,0.0886,0.0886,0.0886,0.0885,0.0886,0.0886,0.0886,0.0887,0.0885,0.0885,0.0885,0.0886,0.0885,0.0885,0.0886,0.0885,0.0885,0.0884,0.0886,0.0885,0.0884,0.0886,0.0885,0.0885,0.0885,0.0886,0.0884,0.0885,0.0886,0.0887,0.0886,0.0884,0.0886,0.0885,0.0886,0.0886,0.0885,0.0883,0.0885,0.0886,0.0886,0.0885,0.0886,0.0885,0.0886,0.0884,0.0886,0.0887,0.0886,0.0886,0.0887,0.0886,0.0886,0.0885,0.0887,0.0886,0.0885,0.0886,0.0885,0.0886,0.0885,0.0886,0.0886,0.0886,0.0885,0.0886,0.0887,0.0885,0.0887,0.0886,0.0886,0.0886,0.0886,0.0885,0.0886,0.0887,0.0885,0.0887,0.0886,0.0886,0.0886,0.0887,0.0886,0.0887,0.0886,0.0886,0.0886,0.0888,0.0885,0.0887,0.0887,0.0885,0.0886,0.0886,0.0885,0.0886,0.0885,0.0886,0.0886,0.0887,0.0885,0.0886,0.0888,0.0886,0.0887,0.0885,0.0886,0.0885,0.0886,0.0886,0.0886,0.0887,0.0885,0.0886,0.0886,0.0885,0.0886,0.0886,0.0887,0.0887,0.0886,0.0887,0.0887,0.0887,0.0886,0.0886,0.0887,0.0887
B9,0.0885,0.0886,0.0886,0.0885,0.0886,0.0886,0.0886,0.0885,0.0885,0.0886,0.0886,0.0885,0.0884,0.0885,0.0885,0.0885,0.0887,0.0884,0.0885,0.0885,0.0885,0.0885,0.0884,0.0884,0.0884,0.0885,0.0886,0.0885,0.0885,0.0885,0.0886,0.0885,0.0887,0.0885,0.0884,0.0886,0.0885,0.0884,0.0885,0.0885,0.0884,0.0886,0.0887,0.0886,0.0886,0.0886,0.0885,0.0885,0.0885,0.0884,0.0886,0.0885,0.0886,0.0885,0.0885,0.0884,0.0886,0.0885,0.0882,0.0885,0.0884,0.0885,0.0884,0.0885,0.0884,0.0884,0.0884,0.0885,0.0886,0.0883,0.0885,0.0885,0.0885,0.0885,0.0885,0.0884,0.0885,0.0886,0.0886,0.0885,0.0885,0.0885,0.0886,0.0885,0.0886,0.0885,0.0884,0.0887,0.0886,0.0884,0.0885,0.0884,0.0884,0.0885,0.0884,0.0885,0.0885,0.0885,0.0887,0.0885,0.0885,0.0884,0.0884,0.0886,0.0887,0.0885,0.0886,0.0885,0.0885,0.0885,0.0885,0.0885,0.0884,0.0885,0.0886,0.0886,0.0884,0.0885,0.0886,0.0884,0.0885,0.0885,0.0885,0.0884,0.0885,0.0885,0.0885,0.0886,0.0885,0.0886,0.0886,0.0885,0.0885,0.0886,0.0885,0.0885,0.0886,0.0886,0.0887,0.0885,0.0884,0.0885,0.0885,0.0885,0.0885,0.0885,0.0886,0.0886,0.0885,0.0884,0.0885,0.0886,0.0885,0.0885,0.0885,0.0885,0.0887,0.0886,0.0886,0.0885,0.0886,0.0885,0.0885,0.0886,0.0885,0.0886,0.0885,0.0886,0.0885,0.0884,0.0885,0.0885,0.0886,0.0885,0.0885,0.0886,0.0886
B10,0.0875,0.0876,0.0876,0.0875,0.0876,0.0876,0.0876,0.0876,0.0876,0.0877,0.0878,0.0876,0.0876,0.0876,0.0876,0.0876,0.0876,0.0876,0.0875,0.0877,0.0876,0.0875,0.0876,0.0876,0.0876,0.0876,0.0876,0.0876,0.0876,0.0877,0.0876,0.0876,0.0876,0.0876,0.0875,0.0877,0.0876,0.0876,0.0876,0.0877,0.0876,0.0876,0.0877,0.0877,0.0877,0.0877,0.0875,0.0876,0.0877,0.0876,0.0876,0.0875,0.0875,0.0875,0.0877,0.0875,0.0877,0.0877,0.0875,0.0875,0.0876,0.0876,0.0876,0.0876,0.0876,0.0875,0.0875,0.0875,0.0876,0.0875,0.0877,0.0876,0.0876,0.0877,0.0876,0.0876,0.0876,0.0876,0.0877,0.0876,0.0875,0.0876,0.0876,0.0876,0.0876,0.0876,0.0875,0.0875,0.0876,0.0876,0.0876,0.0876,0.0876,0.0876,0.0876,0.0877,0.0876,0.0877,0.0877,0.0876,0.0876,0.0875,0.0876,0.0877,0.0877,0.0876,0.0876,0.0876,0.0876,0.0875,0.0876,0.0876,0.0876,0.0877,0.0877,0.0877,0.0875,0.0877,0.0877,0.0876,0.0876,0.0875,0.0877,0.0877,0.0877,0.0876,0.0877,0.0877,0.0877,0.0877,0.0877,0.0876,0.0877,0.0877,0.0875,0.0878,0.0877,0.0876,0.0877,0.0876,0.0875,0.0877,0.0876,0.0877,0.0877,0.0877,0.0876,0.0877,0.0876,0.0876,0.0877,0.0878,0.0877,0.0876,0.0877,0.0876,0.0878,0.0877,0.0876,0.0877,0.0877,0.0877,0.0877,0.0877,0.0876,0.0878,0.0876,0.0877,0.0878,0.0877,0.0877,0.0876,0.0877,0.0876,0.0877,0.0877,0.0876
B11,0.0871,0.0871,0.0871,0.087,0.0871,0.0871,0.0871,0.0871,0.087,0.0872,0.0872,0.0871,0.0872,0.0871,0.0872,0.0871,0.0871,0.087,0.0871,0.087,0.0871,0.0871,0.0871,0.087,0.087,0.0871,0.0871,0.0871,0.087,0.0871,0.0871,0.0871,0.0871,0.0871,0.087,0.0872,0.0871,0.0871,0.0871,0.0871,0.0871,0.0871,0.0871,0.0871,0.0871,0.0872,0.087,0.0871,0.0871,0.0871,0.0871,0.0871,0.0871,0.087,0.0871,0.0871,0.0871,0.0871,0.0871,0.0871,0.0872,0.0871,0.0871,0.0871,0.0871,0.087,0.087,0.087,0.087,0.087,0.0871,0.0871,0.0872,0.0872,0.0872,0.0871,0.0871,0.0871,0.0871,0.0872,0.0871,0.0872,0.0871,0.0871,0.0871,0.0871,0.087,0.0871,0.0871,0.0871,0.0871,0.0871,0.0871,0.0872,0.087,0.0871,0.087,0.0871,0.0872,0.0872,0.0871,0.0871,0.0871,0.0872,0.0872,0.0871,0.087,0.0871,0.087,0.087,0.087,0.0871,0.0871,0.0871,0.0871,0.0872,0.087,0.0871,0.0871,0.087,0.0871,0.0871,0.0872,0.0871,0.0871,0.0871,0.0871,0.0871,0.0871,0.0872,0.0871,0.087,0.0871,0.0871,0.0871,0.087,0.0872,0.0871,0.0871,0.0871,0.0871,0.0871,0.0871,0.0871,0.087,0.087,0.087,0.0871,0.0871,0.087,0.0871,0.0871,0.0871,0.0871,0.0871,0.0871,0.087,0.0871,0.0871,0.0871,0.0872,0.0871,0.0871,0.0871,0.0871,0.0871,0.0872,0.087,0.0871,0.0871,0.087,0.0872,0.0872,0.087,0.0872,0.0872,0.0871
B12,,,,,,,,,,,,,,,,,,,,,,,,,,,,,,,,,,,,,,,,,,,,,,,,,,,,,,,,,,,,,,,,,,,,,,,,,,,,,,,,,,,,,,,,,,,,,,,,,,,,,,,,,,,,,,,,,,,,,,,,,,,,,,,,,,,,,,,,,,,,,,,,,,,,,,,,,,,,,,,,,,,,,,,,,,,,,,,,,
C1,,,,,,,,,,,,,,,,,,,,,,,,,,,,,,,,,,,,,,,,,,,,,,,,,,,,,,,,,,,,,,,,,,,,,,,,,,,,,,,,,,,,,,,,,,,,,,,,,,,,,,,,,,,,,,,,,,,,,,,,,,,,,,,,,,,,,,,,,,,,,,,,,,,,,,,,,,,,,,,,,,,,,,,,,,,,,,,,,
C2,0.0871,0.0871,0.0872,0.0873,0.0872,0.0872,0.0873,0.0872,0.0871,0.0873,0.0873,0.0872,0.0871,0.0873,0.0872,0.0872,0.0872,0.0872,0.0873,0.0872,0.0873,0.0873,0.0872,0.0872,0.0871,0.0872,0.0872,0.0872,0.0873,0.0872,0.0873,0.0873,0.0871,0.0872,0.0873,0.0873,0.0872,0.0872,0.0871,0.0871,0.0873,0.0873,0.0872,0.0873,0.0873,0.0873,0.0873,0.0872,0.0872,0.0873,0.0873,0.0872,0.0872,0.0871,0.0872,0.0873,0.0873,0.0873,0.0873,0.0872,0.0872,0.0874,0.0872,0.0873,0.0872,0.0873,0.0872,0.0872,0.0873,0.0873,0.0873,0.0872,0.0873,0.0872,0.0873,0.0873,0.0873,0.0873,0.0874,0.0873,0.0873,0.0871,0.0872,0.0873,0.0872,0.0873,0.0872,0.0873,0.0872,0.0873,0.0873,0.0873,0.0871,0.0873,0.0872,0.0873,0.0873,0.0873,0.0874,0.0872,0.0872,0.0872,0.0873,0.0873,0.0872,0.0873,0.0873,0.0873,0.0872,0.0872,0.0871,0.0873,0.0872,0.0872,0.0873,0.0874,0.0873,0.0872,0.0872,0.0873,0.0872,0.0872,0.0873,0.0872,0.0873,0.0874,0.0872,0.0872,0.0873,0.0872,0.0872,0.0873,0.0872,0.0872,0.0873,0.0872,0.0872,0.0872,0.0873,0.0872,0.0873,0.0871,0.0872,0.0872,0.0872,0.0873,0.0872,0.0872,0.0872,0.0872,0.0872,0.0873,0.0872,0.0872,0.0873,0.0873,0.0872,0.0872,0.0873,0.0872,0.0873,0.0872,0.0872,0.0873,0.0872,0.0872,0.0873,0.0873,0.0872,0.0871,0.0873,0.0872,0.0872,0.0872,0.0872,0.0873,0.0873
C3,0.1664,0.174,0.183,0.1925,0.2025,0.2142,0.2274,0.2426,0.2596,0.2795,0.3017,0.3261,0.3533,0.3825,0.4155,0.4491,0.4871,0.5301,0.5737,0.6211,0.6698,0.7204,0.7714,0.8255,0.8704,0.9161,0.96,0.9999,1.0368,1.0806,1.1138,1.1271,1.1308,1.1343,1.1306,1.1225,1.115,1.1107,1.1076,1.1048,1.1012,1.0973,1.0941,1.0898,1.0851,1.0813,1.0762,1.0711,1.0671,1.0631,1.0587,1.0532,1.0486,1.0435,1.039,1.0403,1.0386,1.0381,1.0367,1.0309,1.0255,1.0193,1.0132,1.0077,1.002,0.9961,0.9905,0.9849,0.9792,0.9742,0.9684,0.9633,0.958,0.9529,0.9479,0.9429,0.9384,0.9338,0.9292,0.9249,0.9206,0.916,0.9118,0.9077,0.9033,0.8986,0.8951,0.8907,0.887,0.8827,0.879,0.8751,0.8714,0.8682,0.864,0.8608,0.8574,0.8545,0.8515,0.8489,0.846,0.8426,0.84,0.837,0.8344,0.831,0.8288,0.8259,0.8238,0.8209,0.8182,0.8152,0.8135,0.811,0.8091,0.8064,0.8041,0.8027,0.8,0.7984,0.7963,0.7944,0.7924,0.7904,0.7892,0.7875,0.7862,0.7847,0.7843,0.7836,0.7838,0.7828,0.7822,0.7807,0.7803,0.7786,0.7773,0.7758,0.774,0.773,0.7711,0.7695,0.768,0.7663,0.7644,0.7631,0.761,0.7599,0.7584,0.7569,0.755,0.7539,0.7525,0.7505,0.7492,0.7475,0.7461,0.7451,0.7433,0.7419,0.7404,0.7391,0.7375,0.7364,0.7349,0.7336,0.7325,0.7313,0.7299,0.7287,0.7279,0.7265,0.7253,0.7243,0.7229,0.7225,0.7208
C4,0.167,0.1745,0.1834,0.193,0.2036,0.2153,0.2289,0.2442,0.2616,0.2813,0.3045,0.3292,0.357,0.3871,0.4199,0.4549,0.493,0.5375,0.5901,0.6233,0.6727,0.7244,0.778,0.8331,0.878,0.9247,0.9679,1.0069,1.0431,1.0883,1.1153,1.1255,1.1365,1.1331,1.1297,1.1211,1.1152,1.1112,1.1082,1.1044,1.0999,1.0958,1.0918,1.0875,1.083,1.0791,1.0734,1.0697,1.064,1.0576,1.0519,1.0462,1.0401,1.0372,1.0379,1.0404,1.0393,1.0342,1.0287,1.022,1.0165,1.01,1.0043,0.9984,0.9925,0.9874,0.9813,0.9763,0.9708,0.9651,0.9602,0.9552,0.9502,0.9453,0.9409,0.9356,0.9314,0.9269,0.9228,0.9187,0.9146,0.9102,0.9066,0.9026,0.8991,0.8957,0.892,0.8886,0.8856,0.8823,0.8796,0.8764,0.8742,0.871,0.8679,0.866,0.8636,0.862,0.8599,0.8578,0.857,0.8553,0.8529,0.8513,0.8493,0.8473,0.844,0.8413,0.8395,0.8373,0.8351,0.8321,0.8299,0.8272,0.8241,0.8216,0.8188,0.816,0.8132,0.8105,0.8072,0.8043,0.8022,0.7991,0.7968,0.7942,0.7915,0.789,0.7865,0.7838,0.7818,0.78,0.7778,0.7758,0.7733,0.7712,0.7697,0.7671,0.7653,0.763,0.761,0.7588,0.7572,0.7551,0.7533,0.7507,0.7494,0.7476,0.7458,0.7439,0.7428,0.7409,0.7396,0.7374,0.7359,0.7349,0.7333,0.7318,0.7303,0.7285,0.7275,0.7263,0.7246,0.7224,0.7213,0.7204,0.7194,0.7181,0.7177,0.7164,0.7151,0.714,0.7129,0.7119,0.7109,0.7105,0.7086
C5,0.1676,0.1749,0.1838,0.1934,0.204,0.2162,0.2296,0.2452,0.2627,0.2833,0.3061,0.3315,0.3594,0.389,0.4226,0.4574,0.4963,0.5396,0.5833,0.6321,0.6849,0.7377,0.7869,0.8318,0.8771,0.9198,0.9588,0.9954,1.029,1.0597,1.0697,1.096,1.1223,1.1168,1.1136,1.1111,1.1075,1.104,1.1002,1.0962,1.0911,1.0871,1.083,1.0788,1.0747,1.0707,1.0655,1.0609,1.0545,1.0487,1.0426,1.0362,1.0311,1.0264,1.0289,1.0301,1.0307,1.0266,1.0209,1.0134,1.0074,1.0007,0.9947,0.9885,0.9825,0.9769,0.9711,0.966,0.9613,0.9558,0.9518,0.9467,0.9423,0.9382,0.9348,0.9308,0.927,0.9232,0.9192,0.9159,0.9128,0.9092,0.9066,0.9034,0.9012,0.8986,0.8959,0.8927,0.8898,0.8868,0.8836,0.8802,0.877,0.8748,0.8713,0.8689,0.8663,0.864,0.8619,0.8596,0.8569,0.8541,0.8519,0.8495,0.8471,0.8447,0.8425,0.8405,0.8387,0.837,0.8349,0.8327,0.8316,0.8296,0.8277,0.8257,0.8241,0.8224,0.8208,0.8187,0.8171,0.8152,0.8137,0.8113,0.8098,0.8083,0.8068,0.8054,0.8037,0.8022,0.8008,0.7994,0.7975,0.7957,0.7944,0.7922,0.7913,0.7898,0.789,0.7875,0.7859,0.7846,0.7832,0.7813,0.7803,0.7788,0.7779,0.7761,0.7753,0.7742,0.7728,0.7713,0.7701,0.7688,0.7682,0.7669,0.766,0.7645,0.764,0.7626,0.7616,0.7606,0.7596,0.7582,0.757,0.7563,0.7548,0.754,0.7531,0.7519,0.7515,0.7502,0.7492,0.7484,0.7476,0.7467,0.7455
C6,0.1687,0.1765,0.1854,0.1952,0.2057,0.218,0.232,0.2478,0.2655,0.2861,0.3092,0.3345,0.3627,0.3934,0.4268,0.4617,0.5006,0.5445,0.5912,0.6413,0.6908,0.738,0.7838,0.8291,0.872,0.9126,0.9503,0.9852,1.0152,1.0394,1.0438,1.0469,1.0509,1.0519,1.0536,1.0548,1.0592,1.0956,1.095,1.0956,1.1012,1.1005,1.0933,1.0882,1.0849,1.0826,1.0796,1.0764,1.0729,1.0696,1.065,1.0601,1.0566,1.0523,1.0497,1.0528,1.0539,1.0531,1.049,1.0427,1.0373,1.0313,1.0261,1.0207,1.016,1.0112,1.006,1.0007,0.9951,0.9905,0.9854,0.9806,0.9763,0.9714,0.9669,0.9624,0.9579,0.9535,0.9489,0.9449,0.94,0.9355,0.9324,0.9286,0.925,0.9207,0.9175,0.9142,0.911,0.9074,0.9043,0.9013,0.8987,0.8962,0.8927,0.8898,0.8874,0.8846,0.8819,0.8792,0.8763,0.8732,0.8709,0.8686,0.8662,0.8637,0.8612,0.859,0.8568,0.8545,0.8524,0.8505,0.8483,0.8463,0.8445,0.8426,0.8409,0.8389,0.8371,0.8359,0.834,0.8316,0.8304,0.8291,0.8275,0.8257,0.8243,0.8226,0.8215,0.8197,0.8186,0.8171,0.815,0.8146,0.8125,0.8118,0.8106,0.8094,0.808,0.8061,0.8052,0.804,0.8028,0.8014,0.8003,0.7993,0.7983,0.7972,0.7957,0.7949,0.7939,0.7927,0.7912,0.7906,0.7897,0.7888,0.7876,0.787,0.7862,0.7847,0.7839,0.783,0.7817,0.7808,0.7797,0.7786,0.778,0.7768,0.7761,0.775,0.7744,0.7729,0.7723,0.7715,0.7704,0.7693,0.769
C7,0.1676,0.1753,0.1845,0.194,0.2044,0.2168,0.2306,0.2461,0.2641,0.2846,0.3077,0.3332,0.3615,0.3918,0.4249,0.4591,0.4988,0.5438,0.5904,0.6393,0.6876,0.7318,0.7783,0.8228,0.8641,0.904,0.9401,0.9724,1.0007,1.0224,1.0337,1.037,1.0417,1.0427,1.0444,1.046,1.0467,1.0489,1.0565,1.0913,1.0941,1.1027,1.0957,1.0869,1.0805,1.0772,1.0769,1.0747,1.071,1.0676,1.0647,1.0609,1.0556,1.0519,1.0486,1.051,1.0527,1.0549,1.0534,1.0483,1.0436,1.0372,1.0312,1.0246,1.0182,1.0127,1.0067,1.0008,0.9951,0.9898,0.9845,0.9799,0.9756,0.9707,0.9663,0.9621,0.9579,0.954,0.9499,0.9462,0.9428,0.9386,0.9353,0.9315,0.9277,0.9248,0.9213,0.9179,0.915,0.9113,0.9084,0.9055,0.9025,0.8998,0.8972,0.8942,0.8914,0.8886,0.8861,0.8839,0.8821,0.8792,0.8766,0.875,0.8731,0.871,0.8689,0.8666,0.865,0.8629,0.8612,0.8594,0.8581,0.8566,0.8552,0.8535,0.8521,0.8502,0.8488,0.8476,0.8463,0.8451,0.8437,0.8423,0.8413,0.8398,0.8387,0.8369,0.8361,0.8345,0.8336,0.8325,0.8313,0.8297,0.8287,0.8273,0.8265,0.8253,0.8247,0.8238,0.8225,0.8209,0.821,0.8195,0.8187,0.8176,0.8166,0.8154,0.8146,0.8136,0.8129,0.8116,0.8105,0.8091,0.8087,0.808,0.8074,0.8064,0.8053,0.8045,0.8036,0.8028,0.8021,0.8006,0.7997,0.7988,0.7977,0.7966,0.7963,0.7947,0.7945,0.7931,0.7926,0.7915,0.7909,0.7905,0.7893
C8,0.1674,0.1752,0.1843,0.1941,0.2044,0.2167,0.2304,0.2463,0.2641,0.2846,0.3076,0.3327,0.3605,0.3912,0.4234,0.4574,0.497,0.5426,0.5871,0.6356,0.6825,0.7261,0.7712,0.8142,0.8544,0.8924,0.9261,0.9554,0.9769,0.9952,1.0103,1.0155,1.0223,1.0251,1.0268,1.0279,1.0281,1.0297,1.0328,1.0368,1.0449,1.0844,1.0823,1.0786,1.075,1.0711,1.067,1.0629,1.0577,1.0537,1.0516,1.0503,1.0496,1.0485,1.0487,1.054,1.0581,1.0593,1.0566,1.0515,1.0465,1.0404,1.0341,1.0275,1.0217,1.0166,1.0106,1.0052,0.9991,0.9941,0.9893,0.984,0.9791,0.9743,0.9702,0.9656,0.9607,0.9568,0.9525,0.9487,0.9444,0.9403,0.9371,0.9327,0.9291,0.9249,0.9215,0.9177,0.9139,0.9106,0.907,0.9037,0.9006,0.8972,0.8936,0.8908,0.8872,0.8843,0.8813,0.8781,0.8758,0.8719,0.8692,0.8667,0.8644,0.8616,0.859,0.8568,0.8543,0.8519,0.8499,0.8474,0.8454,0.8433,0.8413,0.839,0.8367,0.8342,0.8323,0.831,0.8289,0.8269,0.8252,0.8234,0.8219,0.8201,0.8187,0.8173,0.8154,0.8136,0.8124,0.8109,0.8093,0.8075,0.8059,0.8042,0.8033,0.8015,0.8003,0.7991,0.7976,0.7957,0.795,0.7936,0.7923,0.7906,0.7898,0.7884,0.7876,0.7866,0.7856,0.784,0.7833,0.7821,0.7815,0.7806,0.7797,0.7785,0.7779,0.7767,0.7758,0.7751,0.7737,0.7723,0.7713,0.7696,0.7684,0.7673,0.7662,0.7651,0.7643,0.7627,0.7617,0.7605,0.7596,0.7586,0.7576
C9,0.1677,0.1753,0.1845,0.1942,0.2045,0.2165,0.2304,0.2457,0.2636,0.2835,0.3065,0.3314,0.3591,0.3889,0.421,0.4546,0.4936,0.539,0.5839,0.6311,0.6773,0.7196,0.7645,0.8062,0.8454,0.8819,0.9138,0.9383,0.9572,0.9768,0.9959,1.0047,1.011,1.0143,1.0152,1.0165,1.0166,1.017,1.0196,1.0228,1.0273,1.0349,1.0489,1.0484,1.0453,1.0423,1.0412,1.0446,1.0524,1.0579,1.0573,1.0535,1.053,1.052,1.0503,1.0569,1.0638,1.0676,1.0665,1.0625,1.0574,1.0516,1.0462,1.04,1.0343,1.029,1.0233,1.0183,1.0129,1.0075,1.0024,0.9974,0.9927,0.9884,0.9838,0.9793,0.9745,0.9703,0.9657,0.9621,0.9576,0.9534,0.9498,0.9451,0.9413,0.9375,0.9334,0.93,0.9262,0.9225,0.919,0.9159,0.9127,0.9093,0.9058,0.9031,0.8998,0.8971,0.8939,0.891,0.888,0.8847,0.882,0.879,0.8768,0.8738,0.8716,0.8686,0.8663,0.8637,0.8613,0.8583,0.8566,0.8546,0.8522,0.8501,0.8478,0.8458,0.8441,0.8417,0.8399,0.8377,0.836,0.8341,0.8326,0.8308,0.8292,0.8276,0.826,0.8245,0.8232,0.821,0.8197,0.8184,0.8166,0.8152,0.8136,0.8122,0.8113,0.8095,0.8079,0.8062,0.8053,0.8036,0.8024,0.8014,0.7999,0.7983,0.7971,0.7959,0.7944,0.7933,0.7918,0.7907,0.7897,0.7881,0.787,0.7859,0.7847,0.7833,0.7818,0.7808,0.78,0.7787,0.7774,0.7765,0.7747,0.7738,0.7728,0.7713,0.7703,0.7691,0.7678,0.7669,0.7657,0.7649,0.7641
C10,0.1665,0.1741,0.183,0.1927,0.2028,0.2148,0.2281,0.2431,0.2604,0.2804,0.3026,0.3271,0.3539,0.3834,0.4155,0.4477,0.4865,0.5312,0.5747,0.6201,0.6639,0.7058,0.7486,0.7894,0.8267,0.8616,0.8894,0.9122,0.9323,0.9538,0.9754,0.9907,0.9959,0.9999,1.0021,1.0025,1.0027,1.0035,1.0048,1.0065,1.0106,1.0155,1.0306,1.0351,1.0332,1.0302,1.0287,1.0325,1.0429,1.0493,1.0477,1.0434,1.0427,1.0413,1.0386,1.0376,1.0413,1.0466,1.0515,1.0511,1.0478,1.0429,1.0377,1.0316,1.0261,1.0207,1.0153,1.01,1.0048,0.9999,0.9948,0.9898,0.9852,0.9807,0.9759,0.9716,0.967,0.963,0.9582,0.954,0.9506,0.9466,0.9422,0.9383,0.9341,0.9307,0.9268,0.9231,0.9201,0.9161,0.9128,0.9099,0.9066,0.9035,0.9,0.8975,0.894,0.8913,0.8882,0.8855,0.8828,0.88,0.8769,0.8746,0.8719,0.8689,0.8665,0.8638,0.8617,0.8588,0.8567,0.8545,0.8523,0.8499,0.848,0.8456,0.8432,0.8412,0.8394,0.8372,0.8355,0.8333,0.8322,0.8297,0.8281,0.8263,0.8252,0.8228,0.8216,0.8196,0.8182,0.8163,0.8151,0.8133,0.8116,0.8104,0.8088,0.8075,0.8063,0.8048,0.8033,0.8019,0.8006,0.7991,0.7983,0.7967,0.7954,0.7939,0.7928,0.7913,0.7901,0.7887,0.7873,0.7859,0.7848,0.7839,0.7827,0.781,0.7802,0.7786,0.7774,0.7766,0.7753,0.7743,0.773,0.7716,0.7704,0.7694,0.7683,0.7669,0.7658,0.7648,0.7636,0.7628,0.7615,0.7608,0.7598
C11,0.0879,0.0881,0.088,0.088,0.0882,0.0881,0.0881,0.0882,0.0884,0.0883,0.0884,0.0881,0.0882,0.0883,0.0882,0.0882,0.0882,0.088,0.0883,0.0882,0.0882,0.0882,0.0881,0.0881,0.0881,0.0882,0.0882,0.0881,0.0883,0.0881,0.0881,0.0881,0.0881,0.0881,0.0881,0.0882,0.0881,0.0881,0.0881,0.0881,0.0882,0.0881,0.0882,0.0881,0.0881,0.0883,0.0882,0.0882,0.0881,0.0882,0.0882,0.0881,0.0882,0.0882,0.0881,0.0882,0.0882,0.0882,0.0882,0.0881,0.0881,0.0882,0.0883,0.0882,0.0881,0.0881,0.0881,0.0881,0.0881,0.0882,0.0882,0.0881,0.0883,0.0883,0.0882,0.0882,0.0883,0.0883,0.0882,0.0882,0.0882,0.0882,0.0881,0.0881,0.0882,0.0882,0.0882,0.0882,0.0882,0.0882,0.0882,0.0882,0.0881,0.0882,0.0881,0.0882,0.0882,0.0883,0.0882,0.0881,0.0881,0.0881,0.0883,0.0883,0.0883,0.0881,0.0882,0.0883,0.0882,0.0882,0.0882,0.0882,0.0882,0.0882,0.0882,0.0881,0.0882,0.0882,0.0883,0.0882,0.0882,0.0883,0.0883,0.0882,0.0883,0.0882,0.0882,0.0883,0.0883,0.0883,0.0883,0.0883,0.0882,0.0883,0.0884,0.0884,0.0882,0.0883,0.0883,0.0883,0.0882,0.0883,0.0884,0.0882,0.0882,0.0881,0.0883,0.0882,0.0883,0.0882,0.0882,0.0883,0.0882,0.0882,0.0883,0.0883,0.0883,0.0883,0.0883,0.0882,0.0884,0.0883,0.0881,0.0883,0.0884,0.0883,0.0883,0.0882,0.0883,0.0883,0.0883,0.0883,0.0884,0.0882,0.0883,0.0884,0.0884
C12,,,,,,,,,,,,,,,,,,,,,,,,,,,,,,,,,,,,,,,,,,,,,,,,,,,,,,,,,,,,,,,,,,,,,,,,,,,,,,,,,,,,,,,,,,,,,,,,,,,,,,,,,,,,,,,,,,,,,,,,,,,,,,,,,,,,,,,,,,,,,,,,,,,,,,,,,,,,,,,,,,,,,,,,,,,,,,,,,
D1,,,,,,,,,,,,,,,,,,,,,,,,,,,,,,,,,,,,,,,,,,,,,,,,,,,,,,,,,,,,,,,,,,,,,,,,,,,,,,,,,,,,,,,,,,,,,,,,,,,,,,,,,,,,,,,,,,,,,,,,,,,,,,,,,,,,,,,,,,,,,,,,,,,,,,,,,,,,,,,,,,,,,,,,,,,,,,,,,
D2,0.0865,0.0866,0.0866,0.0866,0.0866,0.0867,0.0867,0.0866,0.0866,0.0867,0.0868,0.0867,0.0866,0.0867,0.0867,0.0866,0.0867,0.0866,0.0868,0.0867,0.0866,0.0866,0.0866,0.0867,0.0866,0.0867,0.0865,0.0868,0.0867,0.0867,0.0867,0.0867,0.0867,0.0866,0.0867,0.0867,0.0867,0.0867,0.0867,0.0866,0.0866,0.0867,0.0868,0.0868,0.0868,0.0866,0.0866,0.0866,0.0867,0.0868,0.0867,0.0866,0.0867,0.0866,0.0867,0.0868,0.0868,0.0867,0.0867,0.0866,0.0867,0.0867,0.0868,0.0867,0.0867,0.0866,0.0866,0.0867,0.0868,0.0866,0.0866,0.0868,0.0867,0.0868,0.0867,0.0867,0.0866,0.0868,0.0868,0.0867,0.0866,0.0866,0.0866,0.0866,0.0866,0.0866,0.0866,0.0867,0.0867,0.0867,0.0867,0.0867,0.0866,0.0866,0.0866,0.0867,0.0867,0.0866,0.0867,0.0867,0.0866,0.0867,0.0868,0.0867,0.0868,0.0866,0.0866,0.0867,0.0866,0.0866,0.0866,0.0866,0.0866,0.0866,0.0866,0.0868,0.0867,0.0866,0.0866,0.0866,0.0867,0.0866,0.0867,0.0866,0.0866,0.0867,0.0866,0.0866,0.0866,0.0865,0.0867,0.0866,0.0866,0.0866,0.0867,0.0866,0.0868,0.0866,0.0866,0.0867,0.0865,0.0865,0.0865,0.0865,0.0865,0.0865,0.0866,0.0865,0.0865,0.0865,0.0866,0.0866,0.0865,0.0865,0.0866,0.0866,0.0865,0.0866,0.0866,0.0865,0.0866,0.0866,0.0866,0.0866,0.0865,0.0866,0.0866,0.0865,0.0866,0.0866,0.0865,0.0865,0.0865,0.0865,0.0865,0.0866,0.0865
D3,0.1043,0.1051,0.1058,0.1065,0.1075,0.1084,0.1093,0.1101,0.111,0.112,0.1131,0.1141,0.1153,0.1165,0.1179,0.1193,0.1206,0.1223,0.1239,0.126,0.1279,0.1301,0.1322,0.1346,0.137,0.1398,0.1426,0.1457,0.1488,0.1517,0.1551,0.159,0.1629,0.1669,0.1717,0.1766,0.182,0.1876,0.1938,0.1997,0.2061,0.2131,0.2202,0.2276,0.2352,0.2431,0.2512,0.2597,0.2685,0.2774,0.2866,0.2962,0.3061,0.3159,0.3256,0.3359,0.3462,0.3559,0.3653,0.3748,0.3841,0.3935,0.4029,0.412,0.4212,0.4294,0.4382,0.4457,0.4538,0.4614,0.4684,0.4749,0.4814,0.4879,0.4938,0.5,0.5053,0.5103,0.5158,0.5207,0.5244,0.5288,0.533,0.537,0.5408,0.5435,0.5467,0.5499,0.5519,0.554,0.557,0.5592,0.5605,0.5604,0.5622,0.5739,0.5837,0.5897,0.5912,0.5903,0.5876,0.5859,0.5826,0.5806,0.5772,0.5742,0.5725,0.5705,0.5683,0.5671,0.5646,0.5623,0.5609,0.5601,0.558,0.5565,0.5555,0.5553,0.5534,0.5526,0.5513,0.5493,0.5495,0.5487,0.5478,0.5473,0.5463,0.5454,0.5442,0.5427,0.5422,0.5411,0.5402,0.5399,0.5389,0.5389,0.5365,0.5365,0.5366,0.5349,0.5348,0.5337,0.5338,0.5331,0.5321,0.5316,0.5295,0.5304,0.5286,0.5279,0.5279,0.5269,0.5251,0.5248,0.5236,0.5229,0.5216,0.5217,0.5213,0.521,0.5196,0.5189,0.5187,0.5181,0.5174,0.5152,0.5164,0.5147,0.5135,0.5129,0.5121,0.512,0.5117,0.5095,0.5099,0.5085,0.5088
D4,0.104,0.1048,0.1057,0.1064,0.1072,0.108,0.1089,0.1099,0.1105,0.1118,0.1129,0.1138,0.1151,0.1163,0.1177,0.1192,0.1206,0.1223,0.1238,0.1258,0.1278,0.1298,0.1316,0.1342,0.1368,0.1393,0.1419,0.1453,0.1482,0.1511,0.1546,0.1582,0.1623,0.1667,0.1715,0.1769,0.1826,0.1884,0.1942,0.2006,0.2074,0.214,0.2213,0.2288,0.2367,0.2449,0.2529,0.2616,0.2703,0.2793,0.2889,0.2982,0.308,0.3177,0.3281,0.3378,0.3479,0.3576,0.3669,0.3761,0.3855,0.3946,0.404,0.4131,0.4217,0.4297,0.4381,0.4459,0.4535,0.4601,0.4676,0.474,0.4804,0.4868,0.4923,0.4976,0.5027,0.5069,0.5116,0.5158,0.5199,0.5234,0.5271,0.5307,0.5334,0.5355,0.5386,0.5415,0.544,0.5456,0.5491,0.5513,0.5535,0.554,0.5579,0.5717,0.5789,0.5834,0.5827,0.5804,0.5776,0.5752,0.5722,0.5699,0.5671,0.564,0.5626,0.5616,0.5589,0.5576,0.5559,0.5532,0.5517,0.551,0.5495,0.5478,0.5468,0.5457,0.5445,0.5435,0.5418,0.5413,0.5407,0.5387,0.5388,0.5372,0.5371,0.5359,0.5355,0.534,0.5331,0.5322,0.5309,0.5298,0.5291,0.5286,0.5269,0.5263,0.5258,0.5257,0.5245,0.5238,0.5233,0.5223,0.5215,0.5208,0.5196,0.5186,0.5177,0.5176,0.5172,0.5157,0.5156,0.5145,0.5139,0.5129,0.5125,0.5115,0.5096,0.5103,0.5096,0.5087,0.5078,0.5071,0.5064,0.5051,0.5057,0.5043,0.5039,0.5025,0.5025,0.5017,0.5015,0.5007,0.5007,0.4988,0.4985
D5,0.1053,0.106,0.1069,0.1079,0.1085,0.1093,0.1102,0.1112,0.112,0.1132,0.1143,0.1155,0.1167,0.1177,0.1192,0.1205,0.1218,0.1234,0.1253,0.1269,0.1286,0.1308,0.1327,0.1351,0.1372,0.1398,0.1425,0.145,0.1476,0.1507,0.1542,0.1582,0.162,0.1666,0.1715,0.1767,0.1822,0.1881,0.1943,0.2007,0.2075,0.2145,0.2217,0.2292,0.237,0.2455,0.2537,0.2621,0.2711,0.2802,0.2895,0.2988,0.3083,0.3182,0.3282,0.338,0.3477,0.3568,0.3658,0.3749,0.384,0.3924,0.4013,0.4102,0.4186,0.4264,0.4343,0.4415,0.4494,0.4562,0.4625,0.4691,0.4752,0.4809,0.4868,0.4918,0.4963,0.5008,0.5057,0.5095,0.5134,0.5166,0.5202,0.5231,0.526,0.5287,0.5311,0.5335,0.5354,0.537,0.539,0.5406,0.5418,0.5416,0.5419,0.5455,0.5583,0.5662,0.5688,0.5671,0.5655,0.5623,0.5583,0.5561,0.5535,0.5505,0.5481,0.5448,0.5426,0.5411,0.5393,0.5371,0.5347,0.5332,0.5315,0.5303,0.529,0.5276,0.5253,0.5253,0.5234,0.5217,0.5195,0.5181,0.5176,0.5161,0.515,0.5142,0.5129,0.5112,0.5118,0.5091,0.5079,0.507,0.506,0.5049,0.5038,0.5022,0.502,0.5011,0.5002,0.4985,0.4988,0.4968,0.4959,0.4953,0.4939,0.4932,0.4924,0.4913,0.4907,0.4889,0.4881,0.4881,0.4865,0.4863,0.4851,0.4844,0.484,0.4831,0.482,0.4809,0.4807,0.4792,0.4786,0.478,0.4776,0.4755,0.4756,0.4748,0.4741,0.473,0.4738,0.4713,0.4715,0.4706,0.4689
D6,0.1043,0.1052,0.106,0.1069,0.1078,0.1087,0.1097,0.1108,0.1116,0.1128,0.1139,0.1148,0.116,0.117,0.1185,0.1199,0.1211,0.123,0.1246,0.1265,0.1282,0.1304,0.1328,0.1348,0.1369,0.1394,0.1428,0.1453,0.148,0.151,0.1545,0.1584,0.1628,0.1674,0.1722,0.1778,0.183,0.1891,0.1953,0.2019,0.2087,0.2157,0.2231,0.2308,0.2386,0.2467,0.255,0.2637,0.2725,0.2819,0.2912,0.3005,0.3102,0.3197,0.3297,0.3396,0.3491,0.3585,0.3671,0.3762,0.3847,0.3939,0.4025,0.4113,0.4192,0.4275,0.4351,0.4425,0.4496,0.4564,0.4637,0.4691,0.4755,0.481,0.4866,0.4919,0.4962,0.5004,0.5048,0.5087,0.5123,0.5163,0.5192,0.5222,0.5252,0.5273,0.5294,0.5318,0.5332,0.5349,0.5364,0.538,0.5388,0.5397,0.5383,0.5403,0.5503,0.5587,0.564,0.5641,0.5622,0.5586,0.5552,0.5536,0.5492,0.5471,0.5441,0.5417,0.5398,0.5376,0.5344,0.5326,0.5308,0.5283,0.527,0.5252,0.5243,0.5219,0.5208,0.5191,0.5167,0.5151,0.5145,0.5129,0.5114,0.5102,0.5097,0.5077,0.5059,0.5055,0.5036,0.5025,0.5014,0.5,0.4987,0.497,0.4968,0.4957,0.4949,0.4938,0.4935,0.4916,0.4899,0.4897,0.488,0.4883,0.4865,0.4859,0.4846,0.4831,0.4828,0.4816,0.4802,0.4801,0.4792,0.4781,0.4767,0.4762,0.4753,0.475,0.4743,0.473,0.4721,0.4716,0.4706,0.4693,0.4691,0.4672,0.4672,0.4664,0.4651,0.4644,0.4644,0.4628,0.4624,0.4612,0.4609
D7,0.1047,0.1055,0.1063,0.1072,0.1081,0.1088,0.1098,0.1106,0.1117,0.1129,0.1138,0.1149,0.1161,0.1171,0.1185,0.1196,0.1208,0.1223,0.1239,0.1257,0.1272,0.129,0.1313,0.1332,0.1354,0.1379,0.1399,0.1426,0.1456,0.1486,0.1518,0.1554,0.1594,0.1637,0.1686,0.1739,0.1793,0.185,0.1909,0.1974,0.2041,0.2111,0.2184,0.226,0.2336,0.2415,0.2498,0.2585,0.2665,0.2757,0.2849,0.294,0.3033,0.3126,0.3221,0.3313,0.3408,0.3496,0.3582,0.3665,0.3747,0.3832,0.3917,0.4004,0.4083,0.4158,0.424,0.4311,0.438,0.4451,0.4514,0.4576,0.4636,0.4691,0.4747,0.4797,0.4844,0.4889,0.4932,0.4972,0.5014,0.5047,0.5081,0.5114,0.5142,0.5164,0.5185,0.5203,0.5222,0.5241,0.5252,0.5264,0.5266,0.5276,0.5265,0.5267,0.5307,0.5422,0.5487,0.5503,0.5487,0.5463,0.5426,0.5404,0.5372,0.5342,0.5307,0.5289,0.5272,0.5238,0.5218,0.5208,0.5165,0.515,0.5139,0.512,0.5096,0.5092,0.5074,0.5058,0.5047,0.5039,0.5017,0.4994,0.4993,0.4972,0.4965,0.4946,0.4936,0.4926,0.4909,0.4902,0.4888,0.4876,0.4859,0.4854,0.4843,0.4834,0.482,0.4818,0.4806,0.4793,0.4787,0.4769,0.4774,0.4753,0.4743,0.4736,0.4716,0.4716,0.4707,0.4696,0.4685,0.4682,0.4675,0.4665,0.4654,0.4642,0.4641,0.464,0.4627,0.4614,0.4605,0.4596,0.4593,0.4577,0.4579,0.4566,0.456,0.4558,0.454,0.4539,0.4536,0.452,0.4522,0.4506,0.4498
D8,0.1042,0.105,0.1058,0.1066,0.1076,0.1085,0.1094,0.1103,0.1113,0.1126,0.1137,0.1147,0.1158,0.117,0.1183,0.1196,0.1209,0.1224,0.1241,0.1254,0.1272,0.1291,0.1312,0.1332,0.1355,0.1382,0.1407,0.1432,0.1458,0.1492,0.1528,0.1562,0.1602,0.1642,0.1691,0.1742,0.1798,0.1855,0.1914,0.1979,0.2046,0.2113,0.2188,0.2259,0.2338,0.2417,0.2496,0.2575,0.2666,0.2751,0.2839,0.2932,0.3024,0.3121,0.3208,0.3299,0.339,0.3479,0.3563,0.3645,0.3722,0.3803,0.3887,0.3964,0.4046,0.4118,0.4194,0.4262,0.4334,0.4403,0.4463,0.4524,0.4583,0.4638,0.4695,0.4746,0.4791,0.4839,0.488,0.4923,0.4962,0.4987,0.5028,0.5057,0.5081,0.5106,0.513,0.5154,0.517,0.5187,0.5205,0.5211,0.5224,0.5239,0.5232,0.5232,0.5222,0.5254,0.5374,0.543,0.5453,0.5445,0.542,0.5395,0.5364,0.5326,0.5298,0.5268,0.5247,0.5204,0.5192,0.5168,0.5144,0.5128,0.5108,0.5094,0.5063,0.5058,0.5032,0.5028,0.5003,0.4987,0.4969,0.4952,0.495,0.4925,0.4911,0.4901,0.4894,0.4869,0.4863,0.4854,0.4838,0.4818,0.4812,0.4806,0.4782,0.4781,0.4763,0.4759,0.4754,0.4734,0.4729,0.4715,0.4707,0.4693,0.4682,0.4674,0.4667,0.4657,0.4649,0.4638,0.4624,0.462,0.4609,0.4603,0.4589,0.4578,0.4573,0.457,0.456,0.4543,0.454,0.4525,0.4525,0.451,0.4508,0.4491,0.4492,0.4478,0.4472,0.4464,0.4454,0.4441,0.444,0.4432,0.4424
D9,0.105,0.1058,0.1066,0.1075,0.1085,0.1093,0.1102,0.1111,0.1121,0.1133,0.1143,0.1155,0.1164,0.1176,0.1189,0.1202,0.1214,0.123,0.1246,0.1263,0.1278,0.1295,0.1319,0.1337,0.136,0.1387,0.1409,0.1434,0.1463,0.1494,0.1529,0.1564,0.1603,0.1647,0.1694,0.1746,0.1801,0.1859,0.192,0.1981,0.2048,0.2118,0.2188,0.2263,0.2338,0.2416,0.2497,0.2578,0.2662,0.2748,0.2836,0.2927,0.3014,0.3103,0.3197,0.3285,0.3378,0.3465,0.3545,0.3626,0.3703,0.3783,0.3858,0.3936,0.4017,0.4084,0.4162,0.4229,0.4299,0.4364,0.4429,0.4483,0.4544,0.4599,0.4652,0.4703,0.4752,0.4801,0.4844,0.4885,0.4928,0.4958,0.4988,0.5028,0.5059,0.5085,0.5103,0.5126,0.514,0.516,0.5174,0.5187,0.5194,0.5196,0.52,0.5206,0.5196,0.5182,0.5209,0.5314,0.538,0.54,0.5372,0.5355,0.5328,0.5275,0.5259,0.5221,0.5189,0.5167,0.5136,0.5117,0.5075,0.5056,0.5035,0.5005,0.499,0.4976,0.4944,0.4933,0.491,0.4902,0.4881,0.4866,0.4844,0.4831,0.4816,0.4803,0.4784,0.4771,0.4755,0.4745,0.4721,0.4717,0.4701,0.4688,0.4673,0.4671,0.465,0.4643,0.463,0.4616,0.4602,0.46,0.4585,0.457,0.4564,0.4555,0.454,0.4531,0.4522,0.4512,0.4497,0.4488,0.4483,0.4466,0.4465,0.4449,0.4446,0.4436,0.4428,0.4415,0.4402,0.4398,0.4389,0.4379,0.4374,0.4358,0.4356,0.4347,0.4339,0.4325,0.432,0.4312,0.4302,0.4298,0.4287
D10,0.1049,0.1056,0.1063,0.1073,0.1079,0.1091,0.1099,0.1107,0.1116,0.1128,0.1138,0.1147,0.1159,0.1171,0.1185,0.1199,0.1212,0.1228,0.1243,0.126,0.1276,0.1293,0.1312,0.1334,0.1356,0.138,0.1404,0.1429,0.1457,0.1485,0.1514,0.1547,0.158,0.162,0.1661,0.1708,0.176,0.1812,0.1872,0.1933,0.1996,0.2062,0.2131,0.2201,0.2272,0.235,0.2425,0.2503,0.2587,0.2668,0.2755,0.2834,0.2925,0.301,0.3098,0.3185,0.3273,0.3355,0.3433,0.3511,0.3589,0.3663,0.3737,0.3806,0.3886,0.3962,0.4036,0.4108,0.4175,0.4244,0.4311,0.4369,0.4433,0.4484,0.4543,0.4591,0.464,0.4695,0.4739,0.4781,0.4823,0.4858,0.4899,0.4932,0.4967,0.4996,0.5018,0.505,0.5068,0.5094,0.5112,0.5128,0.5142,0.5159,0.517,0.518,0.5186,0.5187,0.5182,0.5191,0.5243,0.5339,0.5394,0.5415,0.5413,0.5386,0.536,0.5324,0.5308,0.5265,0.5241,0.5221,0.519,0.5176,0.5149,0.5126,0.5105,0.5082,0.5068,0.5049,0.5032,0.5007,0.4988,0.4986,0.4964,0.4948,0.4935,0.4916,0.4901,0.4886,0.4868,0.4859,0.4846,0.4837,0.4821,0.4798,0.4786,0.4771,0.476,0.4753,0.473,0.4722,0.4721,0.4703,0.47,0.4684,0.4674,0.4656,0.4647,0.464,0.463,0.4607,0.4605,0.4597,0.459,0.4572,0.4569,0.4549,0.4541,0.4537,0.4522,0.452,0.4511,0.4494,0.4486,0.4479,0.4472,0.4465,0.4454,0.4439,0.4432,0.4424,0.4417,0.4411,0.4402,0.4402,0.4391
D11,0.0883,0.0885,0.0886,0.0921,0.0888,0.0945,0.0891,0.089,0.0891,0.0897,0.0887,0.0885,0.0884,0.0885,0.0886,0.0884,0.0885,0.0884,0.0885,0.0884,0.0885,0.0884,0.0885,0.0884,0.0884,0.0884,0.0884,0.0885,0.0885,0.0885,0.0884,0.0885,0.0885,0.0884,0.0883,0.0885,0.0884,0.0885,0.0883,0.0884,0.0884,0.0884,0.0884,0.0885,0.0885,0.0884,0.0885,0.0884,0.0883,0.0884,0.0885,0.0884,0.0885,0.0884,0.0885,0.0883,0.0884,0.0884,0.0884,0.0884,0.0884,0.0885,0.0885,0.0884,0.0883,0.0883,0.0883,0.0883,0.0884,0.0884,0.0885,0.0884,0.0884,0.0885,0.0885,0.0884,0.0884,0.0884,0.0884,0.0885,0.0885,0.0884,0.0884,0.0884,0.0883,0.0883,0.0884,0.0884,0.0884,0.0884,0.0884,0.0886,0.0884,0.0884,0.0884,0.0885,0.0884,0.0885,0.0884,0.0884,0.0885,0.0885,0.0884,0.0885,0.0884,0.0885,0.0884,0.0884,0.0885,0.0884,0.0884,0.0885,0.0884,0.0884,0.0884,0.0885,0.0885,0.0884,0.0886,0.0884,0.0885,0.0885,0.0886,0.0884,0.0885,0.0885,0.0884,0.0884,0.0885,0.0884,0.0885,0.0885,0.0884,0.0886,0.0885,0.0884,0.0884,0.0884,0.0885,0.0885,0.0885,0.0885,0.0885,0.0885,0.0885,0.0884,0.0885,0.0885,0.0885,0.0885,0.0885,0.0884,0.0884,0.0884,0.0886,0.0884,0.0884,0.0885,0.0885,0.0884,0.0886,0.0884,0.0884,0.0885,0.0885,0.0886,0.0885,0.0885,0.0885,0.0885,0.0886,0.0885,0.0886,0.0884,0.0886,0.0885,0.0885
D12,,,,,,,,,,,,,,,,,,,,,,,,,,,,,,,,,,,,,,,,,,,,,,,,,,,,,,,,,,,,,,,,,,,,,,,,,,,,,,,,,,,,,,,,,,,,,,,,,,,,,,,,,,,,,,,,,,,,,,,,,,,,,,,,,,,,,,,,,,,,,,,,,,,,,,,,,,,,,,,,,,,,,,,,,,,,,,,,,
E1,,,,,,,,,,,,,,,,,,,,,,,,,,,,,,,,,,,,,,,,,,,,,,,,,,,,,,,,,,,,,,,,,,,,,,,,,,,,,,,,,,,,,,,,,,,,,,,,,,,,,,,,,,,,,,,,,,,,,,,,,,,,,,,,,,,,,,,,,,,,,,,,,,,,,,,,,,,,,,,,,,,,,,,,,,,,,,,,,
E2,0.0876,0.0878,0.0878,0.0878,0.0878,0.0878,0.0878,0.0878,0.0878,0.0879,0.0879,0.0877,0.0878,0.0878,0.0879,0.0879,0.0878,0.0878,0.0878,0.0879,0.0879,0.0879,0.0878,0.0877,0.0878,0.0878,0.0877,0.0878,0.088,0.0879,0.0879,0.0878,0.0879,0.0879,0.0877,0.0879,0.0878,0.088,0.0879,0.0879,0.0879,0.088,0.0878,0.088,0.0878,0.0881,0.0879,0.0879,0.0879,0.0878,0.0879,0.0878,0.0878,0.0878,0.0879,0.0879,0.088,0.088,0.0879,0.0879,0.0878,0.0879,0.0878,0.0879,0.0878,0.0878,0.0879,0.0879,0.0879,0.0879,0.0879,0.0879,0.088,0.088,0.088,0.0879,0.0879,0.0879,0.0879,0.088,0.0879,0.0879,0.0881,0.0878,0.0879,0.0879,0.0879,0.0879,0.0879,0.0879,0.0879,0.0879,0.0879,0.0879,0.088,0.088,0.0881,0.0879,0.0881,0.0879,0.0879,0.0879,0.088,0.088,0.0879,0.088,0.0879,0.088,0.0879,0.088,0.0878,0.088,0.088,0.088,0.0879,0.088,0.088,0.088,0.0879,0.0879,0.0879,0.0879,0.0881,0.088,0.0879,0.0881,0.088,0.0879,0.088,0.088,0.0879,0.0879,0.0879,0.088,0.0881,0.0881,0.0881,0.088,0.0881,0.0881,0.0881,0.0879,0.0879,0.0879,0.0881,0.088,0.088,0.0879,0.0879,0.088,0.0878,0.088,0.088,0.088,0.088,0.0881,0.088,0.088,0.0881,0.088,0.088,0.0879,0.088,0.088,0.0881,0.0882,0.0879,0.088,0.0881,0.088,0.088,0.088,0.088,0.088,0.088,0.0881,0.088
E3,0.1655,0.1735,0.1816,0.1905,0.2003,0.2116,0.2246,0.2393,0.2557,0.2746,0.2968,0.3218,0.3476,0.3792,0.4048,0.4389,0.476,0.5181,0.563,0.6101,0.6588,0.7081,0.7588,0.8118,0.8595,0.91,0.9542,0.9978,1.0367,1.0887,1.1203,1.1341,1.1326,1.1356,1.1346,1.1312,1.1254,1.1189,1.1152,1.1121,1.1085,1.1056,1.1012,1.0969,1.0926,1.0891,1.0851,1.0811,1.0757,1.0703,1.0653,1.0592,1.0534,1.0528,1.051,1.0498,1.0462,1.0386,1.032,1.0246,1.0176,1.0101,1.0034,0.9966,0.9903,0.9841,0.9786,0.9723,0.967,0.9609,0.9555,0.9501,0.944,0.939,0.9341,0.9291,0.9243,0.9195,0.9152,0.9112,0.9059,0.901,0.8969,0.8927,0.8891,0.8851,0.8818,0.8787,0.8753,0.8715,0.8676,0.8651,0.8618,0.8597,0.8567,0.8541,0.8515,0.8494,0.8465,0.8439,0.8417,0.8386,0.8365,0.8346,0.8325,0.83,0.8279,0.8261,0.8242,0.8228,0.8211,0.8201,0.8182,0.8169,0.816,0.8144,0.8135,0.8127,0.8112,0.8109,0.8104,0.81,0.8094,0.809,0.8088,0.8081,0.8078,0.8072,0.806,0.8047,0.804,0.8026,0.8013,0.8007,0.7995,0.7984,0.7975,0.7959,0.7951,0.7934,0.7928,0.7908,0.7891,0.7878,0.7858,0.784,0.7829,0.7815,0.7798,0.7783,0.7772,0.7756,0.7735,0.7725,0.7718,0.7699,0.7685,0.7671,0.7665,0.7654,0.7643,0.763,0.762,0.7607,0.7591,0.7584,0.7572,0.7559,0.7545,0.7529,0.7517,0.7504,0.7489,0.7476,0.7468,0.7456,0.7444
E4,0.1878,0.1982,0.2092,0.2211,0.2343,0.2493,0.2665,0.2854,0.307,0.3327,0.3599,0.3882,0.4261,0.4659,0.5074,0.5512,0.5989,0.6492,0.6962,0.7422,0.7965,0.8512,0.9065,0.9621,1.0118,1.0587,1.1005,1.1389,1.1744,1.2074,1.2214,1.2308,1.2404,1.2493,1.2559,1.2589,1.268,1.2926,1.2902,1.2842,1.2808,1.2687,1.2585,1.2517,1.2464,1.2434,1.2414,1.2377,1.2336,1.2303,1.2268,1.2215,1.2177,1.214,1.2127,1.2183,1.2236,1.224,1.2205,1.2141,1.2083,1.2014,1.1949,1.187,1.181,1.1738,1.1674,1.1602,1.1539,1.1475,1.1409,1.1353,1.1287,1.1231,1.1166,1.1107,1.1049,1.0987,1.093,1.0877,1.0822,1.0766,1.0708,1.0656,1.0598,1.0546,1.0497,1.0449,1.0397,1.0349,1.0299,1.0251,1.0203,1.0156,1.0108,1.0064,1.0024,0.9979,0.9938,0.9897,0.9859,0.981,0.9773,0.9739,0.9699,0.9663,0.9621,0.9586,0.9547,0.9513,0.9479,0.9448,0.9411,0.9381,0.9344,0.9311,0.928,0.9247,0.9215,0.9183,0.9152,0.912,0.9091,0.906,0.9031,0.9005,0.8973,0.8946,0.8918,0.8887,0.8864,0.8837,0.8809,0.878,0.8751,0.8723,0.87,0.8673,0.8651,0.862,0.8595,0.8571,0.8549,0.852,0.8496,0.8473,0.8449,0.8424,0.84,0.8378,0.835,0.8331,0.8303,0.828,0.8263,0.8238,0.8216,0.819,0.8168,0.8145,0.8126,0.8105,0.8085,0.8061,0.8037,0.8016,0.7995,0.7972,0.7952,0.7926,0.7904,0.7882,0.7864,0.7842,0.7822,0.7801,0.778
E5,0.1671,0.1747,0.1828,0.1919,0.2024,0.214,0.2273,0.2421,0.2592,0.2789,0.3008,0.3258,0.3523,0.3817,0.4136,0.4486,0.4868,0.5309,0.5719,0.6186,0.6677,0.7205,0.7742,0.8262,0.8701,0.915,0.9557,0.995,1.0298,1.0721,1.1048,1.129,1.1339,1.1288,1.1222,1.1181,1.1147,1.1116,1.1077,1.1034,1.0997,1.096,1.0915,1.0878,1.0831,1.0791,1.0756,1.0703,1.0644,1.0573,1.0511,1.0443,1.0413,1.0435,1.0481,1.0463,1.0408,1.034,1.0276,1.0203,1.014,1.0066,1.0003,0.9936,0.988,0.9816,0.9757,0.97,0.9642,0.959,0.9537,0.9485,0.9433,0.9392,0.9342,0.93,0.9256,0.9216,0.9173,0.9143,0.9113,0.9078,0.9058,0.9023,0.8989,0.8962,0.8927,0.8889,0.8859,0.8824,0.879,0.8758,0.8727,0.8698,0.8664,0.8641,0.8609,0.8577,0.8548,0.8521,0.8494,0.8461,0.8438,0.841,0.8381,0.8358,0.8334,0.8316,0.8296,0.827,0.8251,0.8231,0.8208,0.819,0.8172,0.8142,0.8122,0.8102,0.8083,0.807,0.8057,0.8034,0.8022,0.7998,0.7985,0.7965,0.795,0.7932,0.7915,0.7896,0.7884,0.7864,0.7849,0.7829,0.7811,0.7797,0.7782,0.777,0.7752,0.7736,0.7724,0.7704,0.7693,0.7679,0.7666,0.7651,0.7639,0.7625,0.7613,0.7607,0.7593,0.758,0.7568,0.7557,0.7545,0.7532,0.7523,0.751,0.7504,0.7492,0.7486,0.7473,0.7465,0.7454,0.7443,0.7438,0.7422,0.7414,0.7406,0.7396,0.7386,0.7379,0.7365,0.7356,0.735,0.7342,0.7335
E6,0.1676,0.1751,0.1832,0.1925,0.2031,0.2148,0.2285,0.2435,0.2605,0.2803,0.3027,0.3275,0.3544,0.3841,0.4161,0.4512,0.4878,0.5311,0.5774,0.6278,0.6777,0.7247,0.7712,0.8199,0.8667,0.9096,0.9492,0.9873,1.0225,1.0517,1.0682,1.0768,1.0789,1.0803,1.1199,1.1206,1.1196,1.1181,1.1167,1.1151,1.1128,1.1118,1.1075,1.1025,1.0975,1.0919,1.0868,1.0819,1.0766,1.0714,1.0677,1.0636,1.062,1.0658,1.0687,1.0678,1.0636,1.0567,1.0507,1.0445,1.0383,1.0317,1.0253,1.0191,1.0133,1.0074,1.0023,0.9972,0.9931,0.9889,0.9848,0.9804,0.9764,0.9715,0.9667,0.962,0.9576,0.9526,0.9486,0.944,0.9397,0.9354,0.9315,0.9277,0.9238,0.9198,0.9164,0.9133,0.91,0.9065,0.9035,0.9,0.8974,0.8947,0.8911,0.8892,0.8864,0.8844,0.8819,0.8792,0.8777,0.8755,0.8729,0.8704,0.8688,0.8672,0.8657,0.8635,0.8613,0.8597,0.8581,0.8555,0.8539,0.8519,0.8501,0.8483,0.8465,0.8447,0.8431,0.8414,0.8397,0.8377,0.8363,0.8341,0.8328,0.8316,0.8297,0.8281,0.8262,0.8247,0.824,0.8217,0.8203,0.8182,0.8169,0.8151,0.8142,0.8123,0.8111,0.8102,0.8084,0.8072,0.806,0.8044,0.8038,0.8021,0.8011,0.7998,0.7988,0.7974,0.7965,0.795,0.7937,0.7931,0.792,0.7907,0.7899,0.7886,0.7875,0.7867,0.7858,0.7848,0.7837,0.7826,0.7814,0.7807,0.78,0.7787,0.7776,0.7767,0.7759,0.7745,0.7737,0.773,0.7719,0.7714,0.7701
E7,0.1676,0.175,0.1835,0.1928,0.2031,0.215,0.2286,0.2438,0.2608,0.2807,0.3033,0.3272,0.355,0.3846,0.4171,0.4513,0.4888,0.5315,0.5793,0.6275,0.675,0.7182,0.7653,0.8129,0.8562,0.8975,0.9357,0.9686,0.993,1.0108,1.021,1.0323,1.0398,1.0418,1.0417,1.0419,1.0438,1.0473,1.0546,1.0952,1.1002,1.1111,1.1012,1.0929,1.087,1.0848,1.0839,1.0815,1.0789,1.077,1.0774,1.0757,1.0726,1.0784,1.0836,1.0865,1.0843,1.0791,1.0753,1.0692,1.0638,1.0574,1.0519,1.0457,1.0399,1.0348,1.0292,1.0244,1.0187,1.0136,1.0088,1.0043,0.9992,0.995,0.9904,0.9863,0.9816,0.9772,0.9734,0.9702,0.9661,0.9621,0.9586,0.9547,0.9512,0.9473,0.944,0.9407,0.9379,0.9339,0.9306,0.9283,0.9246,0.9213,0.9185,0.9157,0.9129,0.9103,0.9074,0.9049,0.903,0.9,0.898,0.8956,0.8938,0.8916,0.8895,0.8874,0.8856,0.8832,0.8814,0.8794,0.8768,0.8752,0.8729,0.8708,0.8688,0.8673,0.8652,0.8634,0.8618,0.8598,0.8584,0.8567,0.8552,0.8535,0.852,0.8503,0.849,0.8465,0.8457,0.844,0.8424,0.8405,0.839,0.8374,0.8364,0.8346,0.8338,0.8319,0.8304,0.8286,0.8275,0.826,0.825,0.8232,0.8218,0.8204,0.8194,0.8181,0.8166,0.8154,0.8136,0.8123,0.8111,0.8097,0.8088,0.8073,0.8061,0.805,0.8037,0.8028,0.8018,0.8003,0.7988,0.798,0.7965,0.7952,0.7946,0.793,0.792,0.7908,0.7897,0.7886,0.7877,0.787,0.7856
E8,0.1688,0.1762,0.1844,0.1939,0.2046,0.2164,0.23,0.2448,0.2622,0.2821,0.3046,0.329,0.3559,0.3854,0.4184,0.452,0.4922,0.5295,0.5723,0.6221,0.6752,0.7243,0.7694,0.8161,0.8607,0.9037,0.9424,0.9781,1.0101,1.0331,1.0415,1.0506,1.0555,1.0565,1.0559,1.0566,1.059,1.0998,1.1031,1.103,1.1044,1.1099,1.1006,1.093,1.0882,1.0842,1.0806,1.0769,1.0733,1.0703,1.0657,1.0617,1.0583,1.0564,1.0605,1.0624,1.0614,1.0578,1.053,1.0478,1.0428,1.0369,1.031,1.0246,1.0186,1.0121,1.0062,1.0004,0.9945,0.9885,0.9834,0.978,0.9721,0.9671,0.9618,0.9567,0.952,0.9466,0.9422,0.9377,0.9337,0.9289,0.9245,0.9205,0.9163,0.9122,0.9086,0.9049,0.9015,0.8978,0.8945,0.891,0.8874,0.8844,0.8808,0.8781,0.8747,0.8723,0.8689,0.8661,0.8641,0.8608,0.858,0.8561,0.8539,0.8509,0.8486,0.8459,0.8442,0.8414,0.8397,0.8379,0.836,0.8341,0.8325,0.8305,0.8288,0.8275,0.8253,0.824,0.8222,0.8204,0.8186,0.8169,0.8151,0.813,0.8117,0.8102,0.8082,0.807,0.8057,0.8041,0.8024,0.8008,0.7998,0.7977,0.7964,0.7947,0.7936,0.7922,0.7907,0.7891,0.7882,0.7868,0.7857,0.7842,0.7832,0.7818,0.781,0.78,0.7789,0.7782,0.7768,0.7761,0.7754,0.7745,0.7739,0.7728,0.7724,0.772,0.7714,0.7702,0.7697,0.769,0.7679,0.7673,0.7668,0.7664,0.7656,0.7646,0.7645,0.7637,0.763,0.7625,0.762,0.7614,0.7608
E9,0.1674,0.175,0.1834,0.1926,0.203,0.2146,0.228,0.2428,0.2596,0.2794,0.3008,0.3254,0.3522,0.381,0.4132,0.4453,0.4832,0.5282,0.5729,0.6172,0.6602,0.7038,0.7504,0.7947,0.8359,0.8731,0.9038,0.9266,0.9483,0.9704,0.988,1.0063,1.0137,1.0187,1.0193,1.0182,1.0181,1.0192,1.0224,1.0263,1.0322,1.0386,1.0574,1.059,1.0568,1.0543,1.0523,1.0508,1.0493,1.0482,1.0478,1.0471,1.0519,1.0718,1.0849,1.0939,1.0952,1.0927,1.0891,1.0844,1.0806,1.0753,1.0702,1.0651,1.0602,1.0555,1.0504,1.0458,1.0411,1.0362,1.0317,1.027,1.0226,1.0184,1.014,1.009,1.0051,1.0009,0.997,0.9931,0.9896,0.9851,0.9812,0.9774,0.9737,0.9702,0.9664,0.963,0.9602,0.9569,0.9533,0.9509,0.9479,0.945,0.9417,0.9389,0.9359,0.933,0.9306,0.9277,0.9254,0.9227,0.9201,0.9178,0.9153,0.9131,0.9108,0.908,0.9058,0.903,0.901,0.8985,0.8966,0.8945,0.8919,0.8894,0.8873,0.885,0.882,0.8803,0.8783,0.8763,0.8739,0.8722,0.8701,0.8678,0.8663,0.8642,0.8624,0.8603,0.8589,0.8569,0.8549,0.8529,0.8513,0.8491,0.8482,0.8466,0.8451,0.844,0.842,0.8399,0.8388,0.8372,0.8359,0.8339,0.8324,0.831,0.8294,0.828,0.8267,0.8251,0.824,0.8221,0.821,0.8195,0.8179,0.8164,0.8152,0.8136,0.8129,0.8113,0.8103,0.8084,0.8067,0.8058,0.8042,0.8036,0.802,0.8006,0.7997,0.7987,0.797,0.7962,0.7948,0.7944,0.7926
E10,0.1695,0.177,0.1852,0.1947,0.2048,0.2165,0.2294,0.2443,0.261,0.2805,0.3022,0.3255,0.3525,0.3812,0.4132,0.4466,0.4813,0.5262,0.5726,0.6174,0.6626,0.7024,0.7481,0.7924,0.8328,0.871,0.9015,0.9263,0.9477,0.969,0.9865,1.0076,1.0157,1.0229,1.0248,1.0237,1.0226,1.0229,1.0257,1.0288,1.0343,1.04,1.066,1.0693,1.0683,1.0672,1.0699,1.0737,1.073,1.0699,1.067,1.0658,1.0661,1.0653,1.0669,1.0784,1.0859,1.0875,1.0851,1.08,1.0754,1.0694,1.0642,1.0578,1.0524,1.0469,1.041,1.0366,1.0311,1.0263,1.0214,1.0167,1.0119,1.0076,1.0031,0.9988,0.9944,0.9907,0.9867,0.9824,0.9786,0.9744,0.9701,0.9663,0.9619,0.9587,0.9546,0.9513,0.9476,0.944,0.9405,0.9372,0.9341,0.9307,0.9272,0.9244,0.9215,0.9183,0.9156,0.9122,0.91,0.9067,0.9041,0.9014,0.8992,0.8961,0.8938,0.8908,0.8887,0.8859,0.884,0.8813,0.8797,0.8772,0.8749,0.8729,0.8711,0.8693,0.8672,0.8652,0.8638,0.8618,0.8602,0.8584,0.857,0.8552,0.8532,0.8517,0.8505,0.8484,0.8476,0.8459,0.844,0.8421,0.8412,0.839,0.8387,0.8366,0.8359,0.8346,0.8329,0.8314,0.8308,0.8293,0.8284,0.8267,0.8253,0.8233,0.8224,0.8212,0.8191,0.8178,0.8163,0.8143,0.8136,0.8118,0.8102,0.8086,0.8077,0.8059,0.8046,0.8034,0.8021,0.8004,0.7988,0.798,0.7964,0.7953,0.7941,0.7926,0.7916,0.7902,0.7892,0.7876,0.7865,0.7856,0.7841
E11,0.0876,0.0876,0.0876,0.0876,0.0876,0.0876,0.0876,0.0876,0.0876,0.0877,0.0877,0.0877,0.0876,0.0876,0.0877,0.0876,0.0875,0.0876,0.0877,0.0876,0.0876,0.0876,0.0877,0.0876,0.0876,0.0876,0.0876,0.0875,0.0876,0.0876,0.0876,0.0875,0.0876,0.0876,0.0876,0.0877,0.0876,0.0876,0.0875,0.0875,0.0876,0.0876,0.0876,0.0876,0.0875,0.0875,0.0876,0.0877,0.0877,0.0876,0.0877,0.0876,0.0876,0.0876,0.0875,0.0876,0.0876,0.0876,0.0875,0.0875,0.0876,0.0875,0.0877,0.0876,0.0876,0.0876,0.0877,0.0876,0.0876,0.0876,0.0876,0.0876,0.0875,0.0878,0.0876,0.0876,0.0876,0.0877,0.0876,0.0877,0.0876,0.0876,0.0875,0.0877,0.0876,0.0875,0.0876,0.0876,0.0876,0.0877,0.0877,0.0876,0.0876,0.0876,0.0876,0.0876,0.0875,0.0879,0.0877,0.0876,0.0876,0.0876,0.0876,0.0877,0.0877,0.0876,0.0877,0.0877,0.0876,0.0876,0.0876,0.0877,0.0877,0.0876,0.0877,0.0877,0.0876,0.0876,0.0876,0.0877,0.0877,0.0877,0.0877,0.0876,0.0876,0.0875,0.0877,0.0876,0.0877,0.0876,0.0877,0.0876,0.0877,0.0877,0.0877,0.0876,0.0877,0.0876,0.0876,0.0877,0.0876,0.0876,0.0877,0.0876,0.0876,0.0877,0.0877,0.0877,0.0877,0.0877,0.0877,0.0878,0.0877,0.0876,0.0877,0.0876,0.0877,0.0877,0.0876,0.0877,0.0878,0.0876,0.0877,0.0878,0.0878,0.0877,0.0878,0.0877,0.0877,0.0877,0.0878,0.0877,0.0876,0.0877,0.0876,0.0878,0.0876
E12,,,,,,,,,,,,,,,,,,,,,,,,,,,,,,,,,,,,,,,,,,,,,,,,,,,,,,,,,,,,,,,,,,,,,,,,,,,,,,,,,,,,,,,,,,,,,,,,,,,,,,,,,,,,,,,,,,,,,,,,,,,,,,,,,,,,,,,,,,,,,,,,,,,,,,,,,,,,,,,,,,,,,,,,,,,,,,,,,
F1,,,,,,,,,,,,,,,,,,,,,,,,,,,,,,,,,,,,,,,,,,,,,,,,,,,,,,,,,,,,,,,,,,,,,,,,,,,,,,,,,,,,,,,,,,,,,,,,,,,,,,,,,,,,,,,,,,,,,,,,,,,,,,,,,,,,,,,,,,,,,,,,,,,,,,,,,,,,,,,,,,,,,,,,,,,,,,,,,
F2,0.0874,0.0875,0.0874,0.0875,0.0875,0.0875,0.0876,0.0875,0.0876,0.0877,0.0876,0.0875,0.0875,0.0875,0.0876,0.0875,0.0875,0.0875,0.0875,0.0875,0.0875,0.0875,0.0875,0.0875,0.0875,0.0875,0.0876,0.0875,0.0876,0.0875,0.0875,0.0876,0.0874,0.0876,0.0874,0.0875,0.0875,0.0875,0.0875,0.0874,0.0876,0.0874,0.0876,0.0876,0.0876,0.0875,0.0875,0.0875,0.0875,0.0875,0.0875,0.0874,0.0875,0.0875,0.0875,0.0876,0.0876,0.0875,0.0874,0.0875,0.0875,0.0874,0.0875,0.0876,0.0875,0.0874,0.0874,0.0876,0.0876,0.0874,0.0876,0.0874,0.0875,0.0876,0.0876,0.0875,0.0875,0.0876,0.0875,0.0876,0.0875,0.0874,0.0876,0.0874,0.0875,0.0875,0.0875,0.0876,0.0876,0.0875,0.0876,0.0875,0.0875,0.0875,0.0875,0.0875,0.0875,0.0876,0.0876,0.0875,0.0875,0.0875,0.0875,0.0876,0.0875,0.0875,0.0875,0.0875,0.0874,0.0875,0.0874,0.0875,0.0875,0.0875,0.0876,0.0875,0.0875,0.0876,0.0876,0.0874,0.0876,0.0875,0.0876,0.0875,0.0874,0.0874,0.0874,0.0875,0.0875,0.0875,0.0875,0.0873,0.0875,0.0875,0.0874,0.0874,0.0875,0.0874,0.0875,0.0875,0.0874,0.0875,0.0875,0.0875,0.0874,0.0874,0.0874,0.0874,0.0875,0.0874,0.0875,0.0875,0.0874,0.0875,0.0874,0.0874,0.0876,0.0875,0.0874,0.0874,0.0875,0.0874,0.0875,0.0874,0.0875,0.0875,0.0874,0.0874,0.0875,0.0874,0.0874,0.0874,0.0875,0.0875,0.0875,0.0874,0.0875
F3,0.1043,0.105,0.1054,0.1064,0.1073,0.1081,0.109,0.1101,0.1107,0.1119,0.1129,0.114,0.1152,0.1164,0.1177,0.119,0.1204,0.1221,0.124,0.1258,0.1276,0.1296,0.132,0.1343,0.1368,0.1395,0.1421,0.1454,0.1485,0.1514,0.154,0.1575,0.1615,0.1651,0.1698,0.1746,0.1796,0.1849,0.1907,0.1967,0.2029,0.2093,0.2164,0.2234,0.2308,0.2385,0.2462,0.2545,0.2627,0.2719,0.2812,0.2903,0.2997,0.3099,0.3196,0.3298,0.3403,0.3504,0.36,0.3703,0.3797,0.3899,0.3993,0.4096,0.4186,0.4276,0.4364,0.444,0.4512,0.4586,0.464,0.469,0.4766,0.4806,0.4865,0.4908,0.4966,0.501,0.5056,0.5107,0.5152,0.5189,0.5235,0.5275,0.5316,0.5346,0.5382,0.5421,0.5441,0.5473,0.5507,0.5532,0.5685,0.5703,0.5823,0.5932,0.5987,0.5995,0.5981,0.5958,0.5927,0.5891,0.5853,0.5837,0.5805,0.5784,0.5774,0.5743,0.5732,0.571,0.5687,0.5673,0.5655,0.5648,0.562,0.5609,0.56,0.5591,0.5583,0.5567,0.5548,0.5547,0.5538,0.5528,0.5517,0.5513,0.5494,0.5483,0.5482,0.5472,0.5472,0.5447,0.5441,0.5437,0.5432,0.5414,0.541,0.5401,0.5393,0.5383,0.5386,0.5368,0.5367,0.5361,0.5363,0.5341,0.5348,0.5327,0.5319,0.5306,0.5309,0.5284,0.5285,0.5281,0.5261,0.5257,0.5254,0.5247,0.5232,0.5237,0.5226,0.5207,0.5205,0.5185,0.5194,0.5174,0.5175,0.5161,0.5164,0.5157,0.5136,0.5139,0.5134,0.5132,0.5146,0.5117,0.5109
F4,0.1065,0.1073,0.1079,0.1087,0.1097,0.1107,0.1115,0.1123,0.1132,0.1142,0.1154,0.1165,0.1175,0.1187,0.1202,0.1215,0.1231,0.1248,0.1264,0.1283,0.1303,0.1323,0.1346,0.1369,0.1395,0.1421,0.1451,0.1481,0.1514,0.1543,0.1575,0.1612,0.1652,0.1693,0.1743,0.179,0.1841,0.19,0.1958,0.2017,0.2084,0.2151,0.2224,0.2295,0.2372,0.2452,0.2532,0.262,0.2704,0.2794,0.2888,0.2982,0.3084,0.3179,0.3277,0.3384,0.3485,0.3584,0.3684,0.3784,0.3878,0.3972,0.4068,0.4166,0.4255,0.4339,0.4424,0.4499,0.4572,0.4643,0.4697,0.474,0.4809,0.4855,0.4912,0.4949,0.5009,0.5048,0.5093,0.5137,0.5173,0.5218,0.526,0.53,0.5337,0.5366,0.5395,0.5436,0.5452,0.548,0.5507,0.5532,0.5605,0.5684,0.5738,0.5881,0.5958,0.5996,0.5982,0.5967,0.5939,0.5906,0.5869,0.5846,0.583,0.58,0.578,0.5743,0.5735,0.5718,0.5705,0.5683,0.5658,0.5653,0.5629,0.562,0.5601,0.5594,0.5582,0.5576,0.5563,0.5549,0.5535,0.5528,0.5518,0.5512,0.5499,0.5489,0.5476,0.5474,0.5461,0.5459,0.544,0.5442,0.5439,0.5427,0.5416,0.54,0.5408,0.539,0.5388,0.5385,0.5366,0.536,0.5355,0.5363,0.533,0.5334,0.5325,0.5321,0.5308,0.5303,0.5302,0.5282,0.5274,0.5272,0.5258,0.5265,0.5233,0.5246,0.5233,0.5226,0.5223,0.521,0.521,0.5196,0.5196,0.518,0.5174,0.5163,0.5157,0.5155,0.5146,0.5145,0.5137,0.5144,0.5118
F5,0.1046,0.1053,0.1062,0.1068,0.1078,0.1087,0.1096,0.1105,0.1113,0.1125,0.1136,0.1145,0.1156,0.1171,0.1184,0.1196,0.1213,0.1228,0.1245,0.1262,0.1282,0.1302,0.1326,0.1349,0.1374,0.1403,0.143,0.1462,0.1495,0.1526,0.1561,0.1591,0.1639,0.1678,0.1724,0.1774,0.1827,0.1885,0.1942,0.2004,0.2072,0.2134,0.2208,0.2283,0.236,0.2439,0.252,0.2604,0.269,0.2783,0.2875,0.2964,0.3065,0.3165,0.3265,0.3367,0.3465,0.3563,0.366,0.3752,0.3845,0.3937,0.4034,0.4124,0.4211,0.4291,0.437,0.4446,0.4517,0.4587,0.4643,0.4688,0.4762,0.4809,0.486,0.4896,0.4955,0.499,0.504,0.5087,0.5122,0.5157,0.5203,0.5237,0.5273,0.5298,0.5329,0.5358,0.5384,0.5409,0.5437,0.5464,0.5544,0.5603,0.5656,0.5791,0.5864,0.5903,0.5901,0.5875,0.5843,0.5809,0.5775,0.575,0.5728,0.5701,0.5685,0.5655,0.5638,0.5623,0.5601,0.5585,0.5566,0.5561,0.5539,0.5522,0.5502,0.55,0.5492,0.547,0.5467,0.5459,0.5445,0.5429,0.5435,0.5414,0.54,0.5398,0.5385,0.5372,0.5369,0.5362,0.5343,0.5343,0.5328,0.5314,0.5308,0.5302,0.5294,0.5279,0.5288,0.5276,0.5265,0.5256,0.5252,0.5243,0.5232,0.5224,0.5222,0.5209,0.5203,0.5194,0.5184,0.5181,0.517,0.5166,0.5154,0.5157,0.514,0.5137,0.5125,0.5122,0.5113,0.5113,0.5104,0.5098,0.5091,0.5076,0.508,0.5068,0.5065,0.5057,0.5049,0.5041,0.5046,0.5026,0.5031
F6,0.1046,0.1049,0.1061,0.1069,0.1077,0.1087,0.1097,0.1107,0.1114,0.1128,0.1139,0.1148,0.1158,0.1172,0.1185,0.1199,0.1216,0.1231,0.1249,0.1264,0.1285,0.1306,0.1327,0.1351,0.1375,0.1402,0.143,0.146,0.1494,0.1522,0.155,0.1591,0.1629,0.1674,0.172,0.1771,0.1824,0.1881,0.1938,0.2001,0.2068,0.2136,0.2204,0.2278,0.2354,0.2434,0.2515,0.26,0.2685,0.2774,0.2872,0.2959,0.3058,0.3155,0.3253,0.3351,0.3452,0.3547,0.3644,0.3737,0.3828,0.3915,0.4009,0.4093,0.418,0.4253,0.4336,0.4401,0.447,0.4535,0.459,0.4639,0.4706,0.4752,0.4804,0.4846,0.4901,0.4936,0.4981,0.5029,0.5067,0.5101,0.5144,0.518,0.5214,0.5238,0.5274,0.5304,0.5325,0.5348,0.5377,0.539,0.5434,0.5544,0.5565,0.5689,0.5785,0.5834,0.5842,0.5826,0.5798,0.5779,0.5733,0.5715,0.5684,0.5663,0.5635,0.5613,0.5588,0.5571,0.5554,0.553,0.5528,0.5505,0.5493,0.5471,0.5457,0.5454,0.5435,0.5422,0.541,0.5408,0.5388,0.5378,0.5374,0.5357,0.5356,0.5339,0.5332,0.5322,0.5311,0.5298,0.529,0.5281,0.5269,0.5264,0.5259,0.525,0.5243,0.5233,0.5227,0.5216,0.5212,0.5197,0.5188,0.5194,0.5172,0.517,0.516,0.5142,0.5143,0.5143,0.5123,0.5121,0.5116,0.5112,0.5093,0.5096,0.5086,0.5079,0.5074,0.5065,0.506,0.5049,0.505,0.5034,0.5038,0.502,0.502,0.5006,0.4996,0.4999,0.4997,0.4984,0.4982,0.4966,0.4968
F7,0.1046,0.105,0.1063,0.107,0.1076,0.1085,0.1096,0.1105,0.1112,0.1124,0.1137,0.1145,0.1158,0.117,0.1184,0.1195,0.1212,0.1227,0.1245,0.1259,0.1282,0.1299,0.1323,0.1346,0.1372,0.1398,0.1422,0.1456,0.1484,0.1514,0.1548,0.1585,0.1624,0.1669,0.1715,0.1767,0.1818,0.1874,0.1933,0.1997,0.2062,0.213,0.22,0.2274,0.235,0.2427,0.2509,0.2592,0.2675,0.2768,0.286,0.295,0.3043,0.3142,0.3238,0.3332,0.3431,0.3522,0.3614,0.3706,0.3789,0.3871,0.3965,0.4047,0.4132,0.4208,0.4288,0.4368,0.4436,0.4504,0.4566,0.4622,0.469,0.4739,0.4797,0.4828,0.4893,0.492,0.4963,0.5003,0.5033,0.5067,0.5105,0.5146,0.518,0.5203,0.5232,0.5262,0.5274,0.5301,0.5318,0.5333,0.5358,0.5403,0.5473,0.5482,0.558,0.5686,0.5744,0.576,0.5749,0.572,0.5687,0.5662,0.5634,0.56,0.557,0.5553,0.5523,0.5507,0.5483,0.5459,0.544,0.5435,0.5413,0.5387,0.5368,0.5365,0.5341,0.5337,0.5319,0.5301,0.5298,0.5271,0.5274,0.5246,0.5243,0.5233,0.5226,0.5212,0.5197,0.5194,0.5174,0.5166,0.5156,0.5141,0.5136,0.5125,0.5122,0.5117,0.5106,0.5095,0.5087,0.5079,0.5067,0.5065,0.5051,0.5056,0.5036,0.5027,0.5016,0.5007,0.4999,0.4996,0.4981,0.4981,0.4969,0.4968,0.4952,0.4956,0.4942,0.4931,0.4933,0.492,0.4915,0.4905,0.4903,0.4885,0.4885,0.4883,0.4867,0.4865,0.4856,0.4858,0.4843,0.4832,0.4827
F8,0.1044,0.1047,0.1057,0.1067,0.1074,0.1082,0.1091,0.1099,0.1109,0.1121,0.1133,0.1142,0.1152,0.1165,0.118,0.1192,0.1203,0.1221,0.1239,0.1252,0.1273,0.1288,0.1313,0.1332,0.1355,0.138,0.1406,0.1436,0.1463,0.149,0.1525,0.1562,0.1602,0.1644,0.1686,0.1739,0.1787,0.1844,0.1901,0.1963,0.2027,0.2093,0.2164,0.2238,0.231,0.2388,0.2469,0.2547,0.2633,0.2722,0.2811,0.2902,0.2994,0.3091,0.3184,0.328,0.3377,0.347,0.3562,0.3651,0.3738,0.3822,0.3913,0.3999,0.4084,0.4159,0.4242,0.4304,0.4374,0.4444,0.4496,0.4541,0.4608,0.4653,0.4705,0.4742,0.4798,0.4836,0.488,0.4926,0.4961,0.5003,0.5038,0.5077,0.5111,0.5136,0.5168,0.5204,0.5228,0.5252,0.5285,0.5292,0.5321,0.5365,0.5463,0.5486,0.5601,0.5704,0.575,0.5762,0.5743,0.5715,0.5686,0.5657,0.5644,0.5601,0.5569,0.5549,0.5533,0.5515,0.549,0.5474,0.5459,0.5442,0.5425,0.5411,0.5401,0.538,0.5371,0.5359,0.5341,0.5327,0.5323,0.531,0.5292,0.5275,0.5262,0.5256,0.525,0.5242,0.5228,0.5216,0.5206,0.5201,0.5186,0.5186,0.517,0.5159,0.5152,0.5146,0.5136,0.5131,0.5119,0.5106,0.5098,0.5092,0.5082,0.5076,0.5071,0.5054,0.505,0.5042,0.5028,0.5026,0.5019,0.501,0.5002,0.4997,0.4991,0.498,0.4979,0.4967,0.4962,0.4967,0.4947,0.4939,0.4934,0.492,0.4918,0.4909,0.4895,0.4892,0.4885,0.4872,0.4889,0.4859,0.4862
F9,0.1037,0.1039,0.105,0.1057,0.1067,0.1077,0.1085,0.1093,0.1102,0.1114,0.1124,0.1134,0.1145,0.1156,0.117,0.1184,0.1196,0.1211,0.1229,0.1245,0.1266,0.128,0.1304,0.1327,0.1349,0.1373,0.1401,0.1433,0.1464,0.1497,0.1528,0.1565,0.1604,0.1646,0.169,0.1737,0.179,0.1843,0.1899,0.1959,0.2024,0.2087,0.2156,0.2225,0.2298,0.2377,0.2454,0.2534,0.2615,0.2701,0.279,0.288,0.297,0.3062,0.316,0.3254,0.3349,0.3442,0.3532,0.3617,0.3701,0.3787,0.3874,0.3958,0.4047,0.4122,0.4202,0.4272,0.4346,0.4415,0.4474,0.4518,0.4588,0.463,0.4687,0.472,0.4781,0.4817,0.486,0.4904,0.4939,0.4976,0.5023,0.506,0.5096,0.5122,0.516,0.5196,0.5216,0.5237,0.527,0.5286,0.5311,0.535,0.5458,0.5475,0.5564,0.568,0.5741,0.5764,0.5747,0.573,0.5697,0.5673,0.5645,0.5612,0.5595,0.5564,0.5551,0.5526,0.5511,0.5493,0.5476,0.5448,0.5437,0.5429,0.5418,0.5387,0.5382,0.537,0.5347,0.535,0.5337,0.5321,0.5301,0.529,0.5288,0.527,0.5264,0.5257,0.5244,0.5231,0.5219,0.5212,0.5198,0.5192,0.5181,0.517,0.5172,0.5155,0.5149,0.5144,0.5133,0.5124,0.5121,0.5109,0.5098,0.5091,0.5083,0.5077,0.5065,0.5062,0.5047,0.5047,0.5035,0.5027,0.5028,0.5011,0.5006,0.4995,0.499,0.4981,0.4978,0.4962,0.4959,0.4949,0.4952,0.4946,0.4931,0.4922,0.4928,0.4909,0.491,0.4902,0.4898,0.4885,0.488
F10,0.1047,0.1055,0.1061,0.1069,0.1082,0.1088,0.1098,0.1108,0.1117,0.1133,0.1141,0.1151,0.1162,0.1173,0.1188,0.1203,0.1214,0.1229,0.1248,0.1261,0.1282,0.1297,0.1318,0.1343,0.1363,0.1387,0.1412,0.1444,0.1473,0.1504,0.1535,0.1572,0.161,0.1653,0.1695,0.1743,0.1796,0.185,0.1905,0.1967,0.2028,0.2095,0.2163,0.2235,0.2305,0.2383,0.2459,0.2538,0.2621,0.2707,0.2793,0.2881,0.297,0.3063,0.3155,0.3248,0.3345,0.3432,0.3523,0.3609,0.3691,0.3771,0.3853,0.3936,0.4019,0.4097,0.4178,0.4255,0.4322,0.4395,0.4457,0.451,0.4576,0.4624,0.4678,0.471,0.4772,0.4801,0.4846,0.4896,0.4924,0.4959,0.4997,0.5038,0.5077,0.5104,0.5137,0.5171,0.5194,0.5221,0.5244,0.5263,0.5282,0.5307,0.5339,0.5408,0.5442,0.5462,0.5586,0.5673,0.5728,0.5734,0.5717,0.5705,0.5672,0.5631,0.5616,0.5579,0.5553,0.5532,0.55,0.5494,0.5461,0.5447,0.5425,0.5414,0.5393,0.5378,0.5363,0.5347,0.5323,0.5316,0.5297,0.528,0.5276,0.5261,0.5244,0.5232,0.5206,0.5207,0.5193,0.5181,0.5161,0.5161,0.5145,0.5133,0.5119,0.5109,0.5102,0.5093,0.5086,0.5073,0.5067,0.5049,0.5033,0.5029,0.5012,0.5017,0.5002,0.4991,0.4978,0.4975,0.4963,0.4955,0.4952,0.4935,0.493,0.4917,0.4906,0.4908,0.4893,0.4884,0.4884,0.487,0.4865,0.4852,0.4847,0.4836,0.4867,0.4815,0.4813,0.4808,0.4817,0.479,0.4784,0.4772,0.4761
F11,0.0886,0.0936,0.0885,0.089,0.0968,0.0927,0.0948,0.096,0.0975,0.0984,0.0979,0.0988,0.0991,0.0998,0.0996,0.1003,0.0997,0.1004,0.1012,0.1013,0.1009,0.1011,0.1015,0.1012,0.1008,0.1015,0.1017,0.1012,0.1016,0.1017,0.1015,0.1016,0.1015,0.1017,0.1016,0.1018,0.1014,0.1016,0.1015,0.1016,0.1013,0.1017,0.1013,0.1015,0.1012,0.1014,0.1016,0.1012,0.1013,0.1013,0.1015,0.1012,0.1014,0.1011,0.101,0.101,0.1011,0.1005,0.1009,0.1008,0.1005,0.1003,0.1003,0.1006,0.1001,0.1006,0.1006,0.1004,0.1006,0.1007,0.1005,0.1006,0.1002,0.1007,0.1003,0.1005,0.1001,0.1004,0.1006,0.1006,0.1005,0.1004,0.0998,0.1003,0.1007,0.1007,0.1007,0.1004,0.1006,0.1008,0.1007,0.1011,0.1005,0.1006,0.1008,0.1006,0.1008,0.1007,0.101,0.101,0.1009,0.1013,0.101,0.101,0.1009,0.1004,0.101,0.1009,0.101,0.1011,0.1011,0.1012,0.101,0.1011,0.1009,0.1009,0.1012,0.1011,0.1008,0.101,0.101,0.1014,0.1013,0.1005,0.1012,0.1009,0.1012,0.101,0.1013,0.1012,0.101,0.1014,0.1011,0.1009,0.1013,0.1013,0.1011,0.1013,0.1015,0.1014,0.1013,0.1011,0.1006,0.1012,0.1012,0.1014,0.1014,0.1014,0.1014,0.1015,0.1011,0.1014,0.1012,0.1012,0.1015,0.1016,0.1012,0.1014,0.1015,0.1016,0.1013,0.1014,0.1009,0.1015,0.1017,0.1017,0.1016,0.1015,0.1016,0.1015,0.1016,0.1014,0.1012,0.1017,0.1016,0.1016,0.1014
F12,,,,,,,,,,,,,,,,,,,,,,,,,,,,,,,,,,,,,,,,,,,,,,,,,,,,,,,,,,,,,,,,,,,,,,,,,,,,,,,,,,,,,,,,,,,,,,,,,,,,,,,,,,,,,,,,,,,,,,,,,,,,,,,,,,,,,,,,,,,,,,,,,,,,,,,,,,,,,,,,,,,,,,,,,,,,,,,,,
G1,,,,,,,,,,,,,,,,,,,,,,,,,,,,,,,,,,,,,,,,,,,,,,,,,,,,,,,,,,,,,,,,,,,,,,,,,,,,,,,,,,,,,,,,,,,,,,,,,,,,,,,,,,,,,,,,,,,,,,,,,,,,,,,,,,,,,,,,,,,,,,,,,,,,,,,,,,,,,,,,,,,,,,,,,,,,,,,,,
G2,0.0883,0.0884,0.0882,0.0883,0.0884,0.0885,0.0885,0.0884,0.0883,0.0885,0.0885,0.0885,0.0884,0.0885,0.0886,0.0883,0.0884,0.0883,0.0884,0.0885,0.0885,0.0885,0.0884,0.0883,0.0883,0.0884,0.0884,0.0883,0.0885,0.0884,0.0885,0.0884,0.0884,0.0885,0.0884,0.0885,0.0884,0.0884,0.0885,0.0884,0.0885,0.0884,0.0884,0.0885,0.0885,0.0885,0.0884,0.0884,0.0884,0.0883,0.0885,0.0885,0.0884,0.0883,0.0884,0.0884,0.0884,0.0885,0.0884,0.0883,0.0885,0.0884,0.0885,0.0884,0.0885,0.0883,0.0884,0.0885,0.0884,0.0883,0.0885,0.0884,0.0884,0.0886,0.0885,0.0883,0.0884,0.0885,0.0884,0.0885,0.0883,0.0885,0.0884,0.0885,0.0885,0.0884,0.0884,0.0885,0.0885,0.0884,0.0885,0.0885,0.0885,0.0885,0.0884,0.0885,0.0884,0.0885,0.0886,0.0885,0.0885,0.0884,0.0883,0.0885,0.0885,0.0884,0.0884,0.0884,0.0885,0.0885,0.0884,0.0886,0.0885,0.0884,0.0884,0.0885,0.0885,0.0885,0.0886,0.0885,0.0886,0.0885,0.0885,0.0885,0.0884,0.0884,0.0885,0.0885,0.0885,0.0886,0.0885,0.0884,0.0885,0.0886,0.0885,0.0885,0.0886,0.0885,0.0885,0.0885,0.0885,0.0886,0.0885,0.0885,0.0885,0.0885,0.0884,0.0885,0.0885,0.0884,0.0885,0.0886,0.0885,0.0885,0.0885,0.0885,0.0885,0.0885,0.0885,0.0884,0.0885,0.0885,0.0885,0.0884,0.0885,0.0885,0.0884,0.0885,0.0886,0.0886,0.0885,0.0885,0.0886,0.0885,0.0884,0.0885,0.0885
G3,0.0866,0.0868,0.0868,0.0868,0.0868,0.0868,0.0869,0.0869,0.0868,0.0869,0.0869,0.0868,0.0869,0.0869,0.087,0.0868,0.0869,0.0868,0.0869,0.0868,0.0869,0.0868,0.0868,0.0868,0.0868,0.0869,0.0868,0.0868,0.087,0.0868,0.0868,0.0868,0.0868,0.0868,0.0867,0.0869,0.0867,0.0869,0.0869,0.0869,0.0868,0.0868,0.0869,0.0868,0.0868,0.0869,0.0869,0.0869,0.0869,0.0868,0.0869,0.0868,0.0869,0.0868,0.0869,0.0868,0.0869,0.0868,0.0869,0.0869,0.0868,0.0868,0.0869,0.0869,0.0869,0.0869,0.0868,0.0869,0.0869,0.0869,0.0869,0.0869,0.0869,0.0871,0.087,0.0869,0.087,0.087,0.087,0.0869,0.087,0.087,0.087,0.0869,0.087,0.0869,0.0868,0.0869,0.0869,0.0869,0.087,0.087,0.0869,0.087,0.0869,0.087,0.0869,0.0869,0.087,0.087,0.0869,0.087,0.0869,0.0871,0.087,0.087,0.0869,0.0869,0.0868,0.0869,0.0869,0.087,0.087,0.0869,0.087,0.0869,0.0868,0.0869,0.087,0.0869,0.087,0.0869,0.087,0.0868,0.0868,0.0869,0.087,0.0869,0.0869,0.0869,0.087,0.0869,0.0869,0.087,0.0869,0.0869,0.0869,0.0869,0.087,0.0869,0.0869,0.0869,0.0868,0.0868,0.0868,0.0869,0.0869,0.0868,0.0869,0.0868,0.087,0.0869,0.0869,0.0869,0.0869,0.0869,0.0868,0.0868,0.087,0.087,0.0869,0.0869,0.087,0.0868,0.0869,0.0871,0.0868,0.0869,0.087,0.087,0.0869,0.0869,0.0869,0.0869,0.0869,0.0869,0.0868
G4,0.0874,0.0876,0.0875,0.0877,0.0876,0.0877,0.0877,0.0876,0.0877,0.0878,0.0878,0.0876,0.0877,0.0878,0.0877,0.0877,0.0878,0.0877,0.0878,0.0877,0.0878,0.0877,0.0878,0.0877,0.0877,0.0878,0.0878,0.0879,0.0878,0.0877,0.0878,0.0878,0.0878,0.0878,0.0877,0.0879,0.0877,0.0879,0.0877,0.0878,0.0878,0.0878,0.0878,0.0878,0.0877,0.0878,0.088,0.0878,0.0878,0.0878,0.0878,0.0878,0.0877,0.0877,0.0878,0.0878,0.0878,0.0878,0.0878,0.0877,0.0878,0.0878,0.0878,0.0877,0.0878,0.0878,0.0877,0.0878,0.0878,0.0878,0.0878,0.0877,0.0878,0.0879,0.0879,0.0877,0.0878,0.0878,0.0877,0.0879,0.0878,0.0877,0.0877,0.0877,0.0878,0.0878,0.0878,0.0878,0.0877,0.0879,0.0879,0.0878,0.0877,0.0877,0.0877,0.0879,0.0878,0.0879,0.0878,0.0878,0.0878,0.0878,0.0878,0.0879,0.0877,0.0878,0.0878,0.0877,0.0878,0.0877,0.0877,0.0878,0.0878,0.0877,0.0878,0.0877,0.0878,0.0877,0.0879,0.0878,0.0878,0.0878,0.0878,0.0878,0.0878,0.0877,0.0877,0.0877,0.0878,0.0877,0.0878,0.0878,0.0878,0.0878,0.0878,0.0877,0.0877,0.0877,0.0878,0.0878,0.0877,0.0877,0.0878,0.0877,0.0876,0.0877,0.0877,0.0878,0.0877,0.0876,0.0877,0.0878,0.0878,0.0877,0.0877,0.0878,0.0878,0.0877,0.0877,0.0877,0.0878,0.0878,0.0878,0.0877,0.0878,0.0877,0.0877,0.0878,0.0878,0.0878,0.0878,0.0877,0.0878,0.0878,0.0877,0.0877,0.0877
G5,0.088,0.0882,0.0883,0.0882,0.0882,0.0882,0.0882,0.0881,0.0881,0.0882,0.0881,0.0881,0.0882,0.0882,0.0883,0.0881,0.0882,0.0882,0.0881,0.0881,0.0881,0.0881,0.088,0.088,0.0881,0.0881,0.088,0.0881,0.0881,0.088,0.0881,0.0882,0.0881,0.0881,0.0881,0.0882,0.0881,0.0882,0.088,0.088,0.088,0.0881,0.0881,0.0881,0.088,0.0881,0.0881,0.088,0.0881,0.088,0.088,0.088,0.0881,0.0879,0.088,0.0882,0.0881,0.0881,0.0881,0.0881,0.0881,0.0881,0.0881,0.0881,0.0881,0.0881,0.088,0.088,0.088,0.0881,0.0882,0.088,0.0881,0.0882,0.0881,0.088,0.088,0.0882,0.0881,0.0883,0.0882,0.0881,0.0881,0.088,0.0881,0.0881,0.088,0.0882,0.0882,0.0882,0.0881,0.0881,0.088,0.0882,0.0882,0.0882,0.0881,0.0882,0.0883,0.0881,0.0882,0.0881,0.0881,0.0882,0.0882,0.0882,0.0881,0.0882,0.0882,0.0881,0.088,0.0881,0.0881,0.0881,0.0882,0.0882,0.0881,0.0881,0.0883,0.0881,0.0882,0.0883,0.0881,0.0882,0.0882,0.0882,0.0881,0.0881,0.0881,0.0881,0.0882,0.0883,0.0882,0.0883,0.0882,0.0882,0.0883,0.0882,0.0882,0.0881,0.0881,0.0881,0.0882,0.0881,0.0882,0.0881,0.0881,0.088,0.0881,0.0881,0.0882,0.0881,0.0881,0.0881,0.0881,0.0881,0.0882,0.0882,0.0882,0.0882,0.0881,0.0881,0.0881,0.0881,0.0882,0.0882,0.0881,0.0881,0.0882,0.0882,0.0882,0.0881,0.0881,0.0882,0.0882,0.0881,0.0882
G6,0.0874,0.0875,0.0874,0.0874,0.0875,0.0875,0.0876,0.0875,0.0874,0.0875,0.0875,0.0875,0.0875,0.0875,0.0876,0.0875,0.0875,0.0875,0.0874,0.0875,0.0875,0.0874,0.0875,0.0874,0.0874,0.0874,0.0875,0.0876,0.0875,0.0875,0.0875,0.0876,0.0875,0.0875,0.0876,0.0877,0.0874,0.0875,0.0874,0.0874,0.0875,0.0874,0.0877,0.0875,0.0874,0.0875,0.0876,0.0875,0.0876,0.0875,0.0875,0.0874,0.0875,0.0874,0.0875,0.0876,0.0875,0.0875,0.0876,0.0873,0.0875,0.0876,0.0874,0.0875,0.0876,0.0875,0.0875,0.0876,0.0876,0.0875,0.0876,0.0874,0.0876,0.0875,0.0876,0.0876,0.0875,0.0876,0.0875,0.0876,0.0875,0.0875,0.0876,0.0876,0.0876,0.0875,0.0875,0.0876,0.0876,0.0876,0.0875,0.0878,0.0875,0.0875,0.0875,0.0876,0.0875,0.0876,0.0876,0.0877,0.0876,0.0876,0.0876,0.0876,0.0876,0.0876,0.0876,0.0874,0.0876,0.0876,0.0874,0.0876,0.0875,0.0876,0.0875,0.0875,0.0875,0.0875,0.0876,0.0875,0.0876,0.0876,0.0876,0.0875,0.0875,0.0875,0.0875,0.0874,0.0876,0.0875,0.0876,0.0875,0.0875,0.0874,0.0875,0.0875,0.0875,0.0875,0.0877,0.0875,0.0876,0.0875,0.0875,0.0875,0.0874,0.0874,0.0875,0.0875,0.0874,0.0875,0.0876,0.0876,0.0875,0.0875,0.0876,0.0875,0.0874,0.0876,0.0875,0.0874,0.0876,0.0875,0.0875,0.0875,0.0877,0.0876,0.0875,0.0875,0.0876,0.0876,0.0876,0.0875,0.0875,0.0874,0.0876,0.0874,0.0876
G7,0.0873,0.0872,0.0873,0.0873,0.0873,0.0874,0.0875,0.0875,0.0874,0.0874,0.0874,0.0874,0.0873,0.0875,0.0875,0.0873,0.0874,0.0873,0.0873,0.0874,0.0876,0.0875,0.0876,0.0875,0.0876,0.0876,0.0875,0.0876,0.0877,0.0875,0.0877,0.0876,0.0878,0.0877,0.0875,0.0877,0.0876,0.0877,0.0878,0.0876,0.0877,0.0877,0.0878,0.0877,0.0876,0.0877,0.0877,0.0876,0.0876,0.0877,0.0877,0.0877,0.0876,0.0876,0.0877,0.0878,0.0877,0.0877,0.0878,0.0876,0.0877,0.0877,0.0876,0.0877,0.0878,0.0875,0.0876,0.0877,0.0876,0.0877,0.0876,0.0875,0.0875,0.0876,0.0875,0.0875,0.0876,0.0875,0.0876,0.0877,0.0877,0.0875,0.0875,0.0875,0.0876,0.0875,0.0875,0.0874,0.0876,0.0875,0.0875,0.0875,0.0875,0.0876,0.0875,0.0873,0.0874,0.0875,0.0875,0.0875,0.0874,0.0875,0.0875,0.0875,0.0874,0.0875,0.0874,0.0875,0.0873,0.0873,0.0873,0.0874,0.0874,0.0873,0.0873,0.0875,0.0873,0.0874,0.0874,0.0875,0.0874,0.0874,0.0875,0.0874,0.0873,0.0873,0.0873,0.0873,0.0875,0.0872,0.0874,0.0876,0.0872,0.0873,0.0874,0.0872,0.0874,0.0874,0.0873,0.0872,0.0873,0.0872,0.0873,0.0873,0.0871,0.0872,0.0873,0.0873,0.0872,0.0872,0.0872,0.0872,0.0872,0.0873,0.0872,0.0873,0.0873,0.0872,0.0873,0.0873,0.0873,0.0873,0.0874,0.0873,0.0873,0.0872,0.0871,0.0872,0.0873,0.0872,0.0873,0.0872,0.0873,0.0874,0.0873,0.0873,0.0873
G8,0.0875,0.0875,0.0876,0.0877,0.0876,0.0877,0.0877,0.0876,0.0878,0.0877,0.0878,0.0877,0.0876,0.0878,0.0877,0.0877,0.0877,0.0876,0.0877,0.0876,0.0877,0.0877,0.0877,0.0877,0.0876,0.0877,0.0876,0.0877,0.0877,0.0876,0.0877,0.0877,0.0877,0.0877,0.0876,0.0877,0.0878,0.0877,0.0876,0.0877,0.0877,0.0877,0.0878,0.0878,0.0877,0.0877,0.0878,0.0877,0.0877,0.0877,0.0878,0.0877,0.0877,0.0877,0.0877,0.0878,0.0877,0.0878,0.0877,0.0876,0.0876,0.0878,0.0877,0.0877,0.0876,0.0876,0.0877,0.0877,0.0877,0.0878,0.0878,0.0877,0.0877,0.0878,0.0877,0.0878,0.0877,0.0878,0.0877,0.0878,0.0877,0.0877,0.0877,0.0877,0.0877,0.0876,0.0877,0.0877,0.0877,0.0878,0.0877,0.0877,0.0877,0.0877,0.0877,0.0879,0.0878,0.0879,0.0878,0.0877,0.0877,0.0877,0.0877,0.0879,0.0877,0.0879,0.0877,0.0878,0.0877,0.0877,0.0877,0.0878,0.0877,0.0877,0.0877,0.0877,0.0877,0.0878,0.0878,0.0878,0.0877,0.0877,0.0878,0.0877,0.0878,0.0878,0.0876,0.0877,0.0877,0.0878,0.0878,0.0877,0.0878,0.0877,0.0877,0.0877,0.0877,0.0877,0.0878,0.0877,0.0878,0.0876,0.0876,0.0877,0.0877,0.0877,0.0878,0.0876,0.0876,0.0877,0.0879,0.0877,0.0877,0.0877,0.0876,0.0876,0.0876,0.0877,0.0877,0.0876,0.0879,0.0877,0.0877,0.0876,0.0877,0.0877,0.0877,0.0877,0.0877,0.0878,0.0878,0.0877,0.0877,0.0876,0.0878,0.0877,0.0877
G9,0.0876,0.0878,0.0877,0.0878,0.0876,0.0879,0.0877,0.0877,0.0876,0.0877,0.0878,0.0877,0.0877,0.0876,0.0877,0.0876,0.0877,0.0876,0.0877,0.0876,0.0878,0.0877,0.0877,0.0876,0.0876,0.0877,0.0877,0.0877,0.0877,0.0877,0.0877,0.0878,0.0877,0.0878,0.0877,0.0877,0.0877,0.0878,0.0877,0.0876,0.0876,0.0875,0.0877,0.0877,0.0875,0.0878,0.0878,0.0876,0.0877,0.0877,0.0878,0.0876,0.0878,0.0876,0.0878,0.0878,0.0878,0.0877,0.0877,0.0877,0.0876,0.0877,0.0878,0.0876,0.0877,0.0877,0.0876,0.0877,0.0878,0.0877,0.0878,0.0877,0.0877,0.0879,0.0878,0.0876,0.0878,0.0878,0.0878,0.0878,0.0877,0.0877,0.0878,0.0876,0.0877,0.0877,0.0877,0.0878,0.0877,0.0877,0.0877,0.088,0.0878,0.0878,0.0877,0.0877,0.0877,0.0877,0.0879,0.0878,0.0877,0.0877,0.0876,0.0878,0.0878,0.0879,0.0878,0.0879,0.0878,0.0878,0.0876,0.0877,0.0878,0.0877,0.0877,0.0878,0.0877,0.0877,0.0879,0.0877,0.0876,0.0878,0.0877,0.0877,0.0877,0.0879,0.0877,0.0878,0.0878,0.0878,0.0878,0.0878,0.0877,0.0877,0.0877,0.0877,0.0878,0.0878,0.0877,0.0878,0.0878,0.0877,0.0878,0.0877,0.0879,0.0878,0.0878,0.0876,0.0878,0.0877,0.0877,0.0878,0.0878,0.0877,0.0878,0.0877,0.0877,0.0878,0.0878,0.0877,0.0878,0.0878,0.0878,0.0879,0.0878,0.0878,0.0877,0.0879,0.0879,0.0878,0.0877,0.0878,0.0878,0.0879,0.0879,0.0879,0.0878
G10,0.0894,0.0895,0.0895,0.0894,0.0894,0.0895,0.0896,0.0895,0.0895,0.0895,0.0895,0.0895,0.0895,0.0895,0.0895,0.0894,0.0894,0.0895,0.0896,0.0895,0.0894,0.0895,0.0894,0.0894,0.0894,0.0895,0.0895,0.0895,0.0895,0.0894,0.0896,0.0895,0.0896,0.0896,0.0896,0.0896,0.0893,0.0895,0.0895,0.0895,0.0896,0.0896,0.0895,0.0896,0.0895,0.0896,0.0896,0.0895,0.0896,0.0897,0.0895,0.0895,0.0895,0.0895,0.0897,0.0895,0.0895,0.0894,0.0896,0.0894,0.0895,0.0895,0.0895,0.0896,0.0895,0.0894,0.0895,0.0895,0.0896,0.0896,0.0896,0.0895,0.0895,0.0896,0.0896,0.0896,0.0895,0.0895,0.0896,0.0896,0.0896,0.0894,0.0896,0.0897,0.0895,0.0895,0.0895,0.0896,0.0895,0.0897,0.0896,0.0897,0.0895,0.0896,0.0896,0.0895,0.0895,0.0896,0.0897,0.0895,0.0895,0.0897,0.0896,0.0897,0.0898,0.0897,0.0896,0.0896,0.0896,0.0895,0.0895,0.0897,0.0896,0.0896,0.0895,0.0897,0.0896,0.0896,0.0898,0.0897,0.0896,0.0897,0.0898,0.0896,0.0896,0.0897,0.0897,0.0896,0.0897,0.0896,0.0896,0.0898,0.0897,0.0896,0.0896,0.0897,0.0896,0.0897,0.0896,0.0896,0.0898,0.0895,0.0895,0.0897,0.0896,0.0896,0.0898,0.0896,0.0895,0.0897,0.0896,0.0897,0.0896,0.0895,0.0895,0.0898,0.0896,0.0897,0.0898,0.0897,0.0897,0.0898,0.0896,0.0897,0.0898,0.0897,0.0897,0.0898,0.0897,0.0898,0.0899,0.0898,0.0898,0.0898,0.0898,0.0897,0.0898
G11,0.0878,0.0878,0.0877,0.0878,0.0878,0.0879,0.0879,0.0877,0.0879,0.0879,0.0879,0.0878,0.0878,0.0878,0.0878,0.0878,0.0878,0.0878,0.0878,0.0877,0.0878,0.0878,0.0878,0.0878,0.0878,0.0878,0.0878,0.0878,0.0878,0.0878,0.0878,0.0877,0.0878,0.0878,0.0877,0.0878,0.0878,0.0878,0.0877,0.0877,0.0878,0.0878,0.0878,0.0878,0.0877,0.0878,0.0879,0.0878,0.0878,0.0878,0.0878,0.0878,0.0878,0.0878,0.0878,0.0878,0.0878,0.0878,0.0878,0.0877,0.0878,0.0879,0.0878,0.0878,0.0879,0.0877,0.0878,0.0878,0.0878,0.0878,0.0879,0.0878,0.0879,0.0879,0.0879,0.0879,0.0878,0.0879,0.0879,0.0879,0.0878,0.0878,0.0878,0.0878,0.0879,0.0879,0.0879,0.0877,0.0879,0.0879,0.0879,0.0879,0.0879,0.0879,0.0879,0.088,0.088,0.0879,0.0879,0.0879,0.0879,0.088,0.0877,0.088,0.0879,0.0878,0.0879,0.0879,0.0878,0.0879,0.0878,0.088,0.0879,0.0879,0.0878,0.088,0.0879,0.0878,0.0879,0.0877,0.0879,0.0879,0.0879,0.0879,0.0879,0.0879,0.0879,0.088,0.0878,0.0879,0.0878,0.0879,0.0879,0.0879,0.0879,0.0879,0.0879,0.0878,0.088,0.0879,0.0879,0.0879,0.0879,0.0878,0.088,0.0877,0.0879,0.0878,0.0879,0.0879,0.0879,0.088,0.0879,0.0878,0.0878,0.0878,0.0878,0.0878,0.0879,0.0879,0.0879,0.0879,0.0879,0.0878,0.088,0.0879,0.0879,0.0879,0.088,0.088,0.0879,0.0878,0.088,0.0878,0.0879,0.088,0.0878
G12,,,,,,,,,,,,,,,,,,,,,,,,,,,,,,,,,,,,,,,,,,,,,,,,,,,,,,,,,,,,,,,,,,,,,,,,,,,,,,,,,,,,,,,,,,,,,,,,,,,,,,,,,,,,,,,,,,,,,,,,,,,,,,,,,,,,,,,,,,,,,,,,,,,,,,,,,,,,,,,,,,,,,,,,,,,,,,,,,
H1,,,,,,,,,,,,,,,,,,,,,,,,,,,,,,,,,,,,,,,,,,,,,,,,,,,,,,,,,,,,,,,,,,,,,,,,,,,,,,,,,,,,,,,,,,,,,,,,,,,,,,,,,,,,,,,,,,,,,,,,,,,,,,,,,,,,,,,,,,,,,,,,,,,,,,,,,,,,,,,,,,,,,,,,,,,,,,,,,
H2,,,,,,,,,,,,,,,,,,,,,,,,,,,,,,,,,,,,,,,,,,,,,,,,,,,,,,,,,,,,,,,,,,,,,,,,,,,,,,,,,,,,,,,,,,,,,,,,,,,,,,,,,,,,,,,,,,,,,,,,,,,,,,,,,,,,,,,,,,,,,,,,,,,,,,,,,,,,,,,,,,,,,,,,,,,,,,,,,
H3,,,,,,,,,,,,,,,,,,,,,,,,,,,,,,,,,,,,,,,,,,,,,,,,,,,,,,,,,,,,,,,,,,,,,,,,,,,,,,,,,,,,,,,,,,,,,,,,,,,,,,,,,,,,,,,,,,,,,,,,,,,,,,,,,,,,,,,,,,,,,,,,,,,,,,,,,,,,,,,,,,,,,,,,,,,,,,,,,
H4,,,,,,,,,,,,,,,,,,,,,,,,,,,,,,,,,,,,,,,,,,,,,,,,,,,,,,,,,,,,,,,,,,,,,,,,,,,,,,,,,,,,,,,,,,,,,,,,,,,,,,,,,,,,,,,,,,,,,,,,,,,,,,,,,,,,,,,,,,,,,,,,,,,,,,,,,,,,,,,,,,,,,,,,,,,,,,,,,
H5,,,,,,,,,,,,,,,,,,,,,,,,,,,,,,,,,,,,,,,,,,,,,,,,,,,,,,,,,,,,,,,,,,,,,,,,,,,,,,,,,,,,,,,,,,,,,,,,,,,,,,,,,,,,,,,,,,,,,,,,,,,,,,,,,,,,,,,,,,,,,,,,,,,,,,,,,,,,,,,,,,,,,,,,,,,,,,,,,
H6,,,,,,,,,,,,,,,,,,,,,,,,,,,,,,,,,,,,,,,,,,,,,,,,,,,,,,,,,,,,,,,,,,,,,,,,,,,,,,,,,,,,,,,,,,,,,,,,,,,,,,,,,,,,,,,,,,,,,,,,,,,,,,,,,,,,,,,,,,,,,,,,,,,,,,,,,,,,,,,,,,,,,,,,,,,,,,,,,
H7,,,,,,,,,,,,,,,,,,,,,,,,,,,,,,,,,,,,,,,,,,,,,,,,,,,,,,,,,,,,,,,,,,,,,,,,,,,,,,,,,,,,,,,,,,,,,,,,,,,,,,,,,,,,,,,,,,,,,,,,,,,,,,,,,,,,,,,,,,,,,,,,,,,,,,,,,,,,,,,,,,,,,,,,,,,,,,,,,
H8,,,,,,,,,,,,,,,,,,,,,,,,,,,,,,,,,,,,,,,,,,,,,,,,,,,,,,,,,,,,,,,,,,,,,,,,,,,,,,,,,,,,,,,,,,,,,,,,,,,,,,,,,,,,,,,,,,,,,,,,,,,,,,,,,,,,,,,,,,,,,,,,,,,,,,,,,,,,,,,,,,,,,,,,,,,,,,,,,
H9,,,,,,,,,,,,,,,,,,,,,,,,,,,,,,,,,,,,,,,,,,,,,,,,,,,,,,,,,,,,,,,,,,,,,,,,,,,,,,,,,,,,,,,,,,,,,,,,,,,,,,,,,,,,,,,,,,,,,,,,,,,,,,,,,,,,,,,,,,,,,,,,,,,,,,,,,,,,,,,,,,,,,,,,,,,,,,,,,
H10,,,,,,,,,,,,,,,,,,,,,,,,,,,,,,,,,,,,,,,,,,,,,,,,,,,,,,,,,,,,,,,,,,,,,,,,,,,,,,,,,,,,,,,,,,,,,,,,,,,,,,,,,,,,,,,,,,,,,,,,,,,,,,,,,,,,,,,,,,,,,,,,,,,,,,,,,,,,,,,,,,,,,,,,,,,,,,,,,
H11,,,,,,,,,,,,,,,,,,,,,,,,,,,,,,,,,,,,,,,,,,,,,,,,,,,,,,,,,,,,,,,,,,,,,,,,,,,,,,,,,,,,,,,,,,,,,,,,,,,,,,,,,,,,,,,,,,,,,,,,,,,,,,,,,,,,,,,,,,,,,,,,,,,,,,,,,,,,,,,,,,,,,,,,,,,,,,,,,
H12,,,,,,,,,,,,,,,,,,,,,,,,,,,,,,,,,,,,,,,,,,,,,,,,,,,,,,,,,,,,,,,,,,,,,,,,,,,,,,,,,,,,,,,,,,,,,,,,,,,,,,,,,,,,,,,,,,,,,,,,,,,,,,,,,,,,,,,,,,,,,,,,,,,,,,,,,,,,,,,,,,,,,,,,,,,,,,,,,