Time,T,A1,A2,A3,A4,A5,A6,A7,A8,A9,A10,A11,A12,B1,B2,B3,B4,B5,B6,B7,B8,B9,B10,B11,B12,C1,C2,C3,C4,C5,C6,C7,C8,C9,C10,C11,C12,D1,D2,D3,D4,D5,D6,D7,D8,D9,D10,D11,D12,E1,E2,E3,E4,E5,E6,E7,E8,E9,E10,E11,E12,F1,F2,F3,F4,F5,F6,F7,F8,F9,F10,F11,F12,G1,G2,G3,G4,G5,G6,G7,G8,G9,G10,G11,G12,H1,H2,H3,H4,H5,H6,H7,H8,H9,H10,H11,H12
0:05:32,37.0,,,,,,,,,,,,,,0.078,0.079,0.079,0.079,0.077,0.077,0.079,0.079,0.080,0.078,,,0.080,0.124,0.127,0.126,0.125,0.124,0.126,0.126,0.126,0.080,,,0.079,0.092,0.092,0.091,0.091,0.091,0.091,0.090,0.091,0.078,,,0.080,0.124,0.125,0.126,0.125,0.125,0.126,0.125,0.125,0.079,,,0.077,0.092,0.092,0.092,0.092,0.093,0.092,0.093,0.092,0.079,,,0.080,0.082,0.080,0.078,0.078,0.079,0.079,0.078,0.078,0.079,,,,,,,,,,,,,
0:11:32,37.0,,,,,,,,,,,,,,0.078,0.079,0.079,0.079,0.077,0.077,0.080,0.079,0.080,0.078,,,0.080,0.126,0.130,0.129,0.128,0.127,0.129,0.128,0.128,0.080,,,0.079,0.092,0.092,0.091,0.091,0.091,0.092,0.091,0.091,0.078,,,0.080,0.126,0.128,0.128,0.128,0.127,0.129,0.127,0.127,0.079,,,0.077,0.092,0.093,0.092,0.092,0.093,0.091,0.093,0.092,0.079,,,0.080,0.082,0.087,0.078,0.078,0.079,0.079,0.078,0.078,0.079,,,,,,,,,,,,,
0:17:32,37.0,,,,,,,,,,,,,,0.078,0.079,0.079,0.079,0.077,0.077,0.080,0.079,0.080,0.078,,,0.080,0.130,0.133,0.133,0.132,0.130,0.131,0.132,0.130,0.080,,,0.079,0.092,0.092,0.092,0.092,0.091,0.092,0.092,0.092,0.078,,,0.080,0.129,0.131,0.131,0.132,0.131,0.131,0.131,0.130,0.079,,,0.077,0.092,0.092,0.092,0.092,0.093,0.092,0.094,0.093,0.079,,,0.080,0.082,0.080,0.078,0.078,0.079,0.078,0.078,0.079,0.079,,,,,,,,,,,,,
0:23:32,36.9,,,,,,,,,,,,,,0.077,0.079,0.079,0.079,0.077,0.077,0.080,0.079,0.080,0.078,,,0.080,0.134,0.138,0.137,0.136,0.135,0.136,0.137,0.135,0.080,,,0.078,0.093,0.093,0.092,0.092,0.092,0.093,0.092,0.092,0.078,,,0.080,0.135,0.136,0.136,0.136,0.136,0.136,0.135,0.135,0.080,,,0.077,0.092,0.093,0.093,0.093,0.094,0.093,0.094,0.093,0.079,,,0.080,0.082,0.080,0.078,0.078,0.079,0.079,0.078,0.078,0.079,,,,,,,,,,,,,
0:29:32,37.0,,,,,,,,,,,,,,0.078,0.079,0.079,0.079,0.077,0.077,0.080,0.079,0.080,0.078,,,0.080,0.139,0.143,0.143,0.142,0.140,0.141,0.142,0.140,0.080,,,0.079,0.093,0.093,0.093,0.093,0.093,0.093,0.092,0.092,0.078,,,0.080,0.140,0.141,0.141,0.141,0.141,0.141,0.141,0.140,0.080,,,0.077,0.093,0.094,0.094,0.093,0.095,0.093,0.094,0.094,0.079,,,0.080,0.082,0.079,0.078,0.078,0.079,0.078,0.078,0.079,0.079,,,,,,,,,,,,,
0:35:32,37.0,,,,,,,,,,,,,,0.078,0.079,0.079,0.079,0.077,0.077,0.080,0.079,0.080,0.078,,,0.080,0.144,0.149,0.148,0.147,0.146,0.146,0.147,0.145,0.080,,,0.079,0.094,0.094,0.093,0.093,0.093,0.093,0.093,0.093,0.078,,,0.080,0.146,0.147,0.147,0.147,0.147,0.147,0.146,0.145,0.080,,,0.077,0.094,0.094,0.094,0.094,0.095,0.093,0.095,0.094,0.079,,,0.080,0.082,0.078,0.078,0.078,0.079,0.079,0.078,0.079,0.079,,,,,,,,,,,,,
0:41:32,37.0,,,,,,,,,,,,,,0.078,0.079,0.079,0.079,0.077,0.077,0.079,0.079,0.080,0.078,,,0.080,0.149,0.154,0.154,0.153,0.151,0.152,0.153,0.151,0.080,,,0.078,0.095,0.095,0.094,0.094,0.094,0.094,0.093,0.094,0.078,,,0.080,0.151,0.154,0.153,0.153,0.152,0.153,0.152,0.150,0.079,,,0.077,0.094,0.095,0.095,0.095,0.095,0.094,0.095,0.095,0.079,,,0.080,0.081,0.078,0.078,0.078,0.079,0.079,0.078,0.078,0.079,,,,,,,,,,,,,
0:47:32,36.9,,,,,,,,,,,,,,0.078,0.079,0.079,0.079,0.077,0.077,0.079,0.079,0.081,0.078,,,0.080,0.155,0.161,0.160,0.159,0.157,0.158,0.159,0.157,0.080,,,0.079,0.095,0.095,0.094,0.094,0.094,0.095,0.094,0.094,0.078,,,0.080,0.157,0.160,0.159,0.158,0.158,0.159,0.158,0.156,0.080,,,0.077,0.094,0.096,0.095,0.095,0.096,0.094,0.096,0.095,0.079,,,0.080,0.081,0.078,0.078,0.078,0.079,0.079,0.078,0.078,0.079,,,,,,,,,,,,,
0:53:32,37.0,,,,,,,,,,,,,,0.077,0.078,0.079,0.079,0.077,0.077,0.080,0.079,0.080,0.077,,,0.080,0.161,0.166,0.166,0.166,0.163,0.164,0.165,0.163,0.080,,,0.078,0.095,0.095,0.095,0.095,0.094,0.095,0.094,0.094,0.078,,,0.080,0.163,0.165,0.165,0.165,0.164,0.165,0.164,0.162,0.080,,,0.077,0.095,0.096,0.095,0.095,0.097,0.095,0.096,0.096,0.079,,,0.080,0.081,0.078,0.078,0.078,0.079,0.078,0.078,0.078,0.079,,,,,,,,,,,,,
0:59:32,37.0,,,,,,,,,,,,,,0.078,0.079,0.079,0.079,0.077,0.077,0.080,0.079,0.080,0.078,,,0.080,0.167,0.174,0.174,0.172,0.171,0.172,0.172,0.170,0.080,,,0.078,0.095,0.096,0.095,0.095,0.095,0.095,0.095,0.095,0.078,,,0.080,0.170,0.172,0.173,0.172,0.173,0.173,0.172,0.170,0.080,,,0.077,0.095,0.096,0.096,0.096,0.097,0.095,0.097,0.096,0.079,,,0.080,0.081,0.078,0.078,0.078,0.079,0.079,0.078,0.078,0.079,,,,,,,,,,,,,
1:05:32,36.9,,,,,,,,,,,,,,0.078,0.079,0.079,0.079,0.077,0.077,0.080,0.079,0.081,0.078,,,0.079,0.176,0.183,0.183,0.181,0.180,0.181,0.181,0.178,0.080,,,0.078,0.096,0.096,0.096,0.096,0.096,0.096,0.095,0.096,0.078,,,0.080,0.178,0.181,0.181,0.181,0.181,0.182,0.181,0.178,0.079,,,0.077,0.095,0.097,0.097,0.096,0.098,0.096,0.098,0.097,0.079,,,0.080,0.081,0.078,0.078,0.078,0.079,0.079,0.078,0.078,0.079,,,,,,,,,,,,,
1:11:32,37.0,,,,,,,,,,,,,,0.078,0.079,0.079,0.079,0.078,0.077,0.080,0.079,0.080,0.078,,,0.080,0.184,0.193,0.194,0.192,0.191,0.190,0.191,0.187,0.080,,,0.079,0.096,0.097,0.096,0.097,0.096,0.097,0.096,0.096,0.078,,,0.080,0.187,0.190,0.191,0.190,0.192,0.192,0.191,0.188,0.080,,,0.077,0.096,0.097,0.097,0.097,0.098,0.097,0.098,0.098,0.079,,,0.080,0.081,0.078,0.078,0.078,0.079,0.079,0.078,0.079,0.079,,,,,,,,,,,,,
1:17:32,37.0,,,,,,,,,,,,,,0.078,0.079,0.079,0.079,0.077,0.077,0.080,0.079,0.080,0.077,,,0.079,0.195,0.204,0.205,0.204,0.202,0.202,0.202,0.198,0.080,,,0.078,0.097,0.098,0.097,0.097,0.097,0.097,0.097,0.097,0.078,,,0.080,0.197,0.201,0.203,0.202,0.204,0.204,0.203,0.198,0.079,,,0.077,0.097,0.098,0.098,0.098,0.099,0.097,0.098,0.098,0.079,,,0.080,0.081,0.078,0.078,0.078,0.079,0.078,0.078,0.079,0.079,,,,,,,,,,,,,
1:23:32,37.0,,,,,,,,,,,,,,0.078,0.079,0.079,0.079,0.077,0.077,0.080,0.079,0.080,0.078,,,0.079,0.207,0.217,0.218,0.217,0.215,0.215,0.214,0.210,0.080,,,0.078,0.098,0.099,0.098,0.098,0.098,0.098,0.097,0.098,0.078,,,0.080,0.208,0.215,0.217,0.215,0.217,0.218,0.214,0.209,0.080,,,0.077,0.097,0.098,0.098,0.099,0.100,0.098,0.099,0.098,0.079,,,0.080,0.081,0.078,0.078,0.078,0.079,0.079,0.078,0.078,0.079,,,,,,,,,,,,,
1:29:32,37.0,,,,,,,,,,,,,,0.078,0.079,0.079,0.079,0.077,0.077,0.079,0.079,0.080,0.078,,,0.080,0.222,0.233,0.234,0.232,0.231,0.229,0.229,0.224,0.080,,,0.078,0.099,0.099,0.099,0.099,0.099,0.099,0.098,0.098,0.078,,,0.080,0.221,0.229,0.233,0.231,0.233,0.234,0.230,0.224,0.079,,,0.077,0.099,0.100,0.099,0.099,0.100,0.099,0.100,0.099,0.079,,,0.080,0.082,0.078,0.078,0.078,0.079,0.079,0.078,0.078,0.079,,,,,,,,,,,,,
1:35:32,37.0,,,,,,,,,,,,,,0.078,0.079,0.079,0.079,0.077,0.078,0.080,0.079,0.081,0.078,,,0.080,0.239,0.250,0.249,0.248,0.244,0.245,0.243,0.237,0.080,,,0.079,0.100,0.101,0.100,0.100,0.100,0.100,0.099,0.099,0.078,,,0.080,0.237,0.248,0.250,0.249,0.249,0.248,0.245,0.237,0.080,,,0.077,0.099,0.101,0.101,0.100,0.101,0.099,0.101,0.101,0.079,,,0.080,0.081,0.078,0.078,0.078,0.079,0.079,0.078,0.078,0.079,,,,,,,,,,,,,
1:41:32,37.0,,,,,,,,,,,,,,0.078,0.079,0.079,0.079,0.077,0.077,0.080,0.079,0.080,0.078,,,0.080,0.258,0.267,0.267,0.267,0.260,0.262,0.259,0.251,0.080,,,0.078,0.100,0.101,0.100,0.101,0.100,0.100,0.100,0.100,0.078,,,0.080,0.253,0.268,0.267,0.268,0.265,0.265,0.262,0.252,0.079,,,0.077,0.100,0.101,0.101,0.101,0.102,0.100,0.102,0.101,0.079,,,0.080,0.081,0.078,0.078,0.078,0.079,0.079,0.078,0.078,0.079,,,,,,,,,,,,,
1:47:32,37.0,,,,,,,,,,,,,,0.078,0.079,0.079,0.079,0.077,0.077,0.079,0.079,0.080,0.078,,,0.080,0.277,0.287,0.282,0.281,0.280,0.277,0.275,0.269,0.080,,,0.078,0.101,0.102,0.101,0.101,0.101,0.101,0.100,0.100,0.078,,,0.080,0.274,0.288,0.286,0.287,0.281,0.283,0.280,0.270,0.079,,,0.077,0.101,0.102,0.102,0.102,0.103,0.101,0.102,0.102,0.079,,,0.080,0.081,0.078,0.078,0.078,0.079,0.079,0.078,0.078,0.079,,,,,,,,,,,,,
1:53:32,37.0,,,,,,,,,,,,,,0.078,0.079,0.079,0.079,0.077,0.077,0.080,0.079,0.080,0.078,,,0.080,0.296,0.302,0.302,0.302,0.301,0.295,0.294,0.287,0.080,,,0.078,0.102,0.103,0.102,0.102,0.101,0.102,0.101,0.101,0.078,,,0.080,0.296,0.307,0.303,0.306,0.303,0.306,0.300,0.289,0.079,,,0.077,0.102,0.103,0.103,0.103,0.103,0.101,0.103,0.103,0.079,,,0.080,0.081,0.078,0.078,0.078,0.078,0.078,0.078,0.079,0.079,,,,,,,,,,,,,
1:59:32,37.0,,,,,,,,,,,,,,0.078,0.079,0.079,0.079,0.077,0.077,0.080,0.079,0.080,0.078,,,0.080,0.309,0.321,0.326,0.326,0.324,0.317,0.317,0.306,0.081,,,0.078,0.103,0.104,0.103,0.103,0.102,0.103,0.102,0.102,0.078,,,0.080,0.317,0.320,0.324,0.321,0.326,0.326,0.322,0.308,0.079,,,0.077,0.103,0.104,0.104,0.103,0.104,0.102,0.104,0.103,0.079,,,0.080,0.081,0.078,0.078,0.078,0.079,0.079,0.078,0.078,0.079,,,,,,,,,,,,,
2:05:32,37.0,,,,,,,,,,,,,,0.078,0.079,0.079,0.079,0.077,0.077,0.080,0.079,0.080,0.078,,,0.080,0.325,0.346,0.352,0.353,0.348,0.343,0.340,0.327,0.081,,,0.078,0.104,0.104,0.104,0.104,0.103,0.103,0.103,0.103,0.078,,,0.080,0.329,0.340,0.351,0.345,0.353,0.351,0.352,0.330,0.079,,,0.077,0.104,0.105,0.105,0.104,0.105,0.103,0.105,0.104,0.079,,,0.080,0.082,0.078,0.078,0.078,0.079,0.079,0.078,0.078,0.079,,,,,,,,,,,,,
2:11:32,37.0,,,,,,,,,,,,,,0.078,0.079,0.079,0.079,0.077,0.078,0.080,0.079,0.081,0.078,,,0.080,0.350,0.373,0.379,0.382,0.375,0.370,0.365,0.351,0.080,,,0.079,0.105,0.105,0.105,0.105,0.104,0.104,0.104,0.104,0.078,,,0.080,0.346,0.365,0.379,0.373,0.381,0.378,0.371,0.353,0.079,,,0.077,0.105,0.106,0.106,0.105,0.106,0.104,0.106,0.105,0.079,,,0.080,0.082,0.078,0.078,0.078,0.079,0.079,0.078,0.078,0.079,,,,,,,,,,,,,
2:17:32,37.0,,,,,,,,,,,,,,0.078,0.079,0.079,0.079,0.077,0.078,0.080,0.079,0.081,0.078,,,0.080,0.377,0.403,0.410,0.411,0.403,0.398,0.393,0.376,0.081,,,0.078,0.106,0.107,0.105,0.106,0.105,0.106,0.105,0.105,0.078,,,0.080,0.366,0.393,0.412,0.404,0.411,0.406,0.397,0.379,0.079,,,0.077,0.106,0.107,0.107,0.106,0.107,0.105,0.107,0.106,0.079,,,0.080,0.081,0.078,0.078,0.078,0.079,0.079,0.078,0.078,0.079,,,,,,,,,,,,,
2:23:32,37.0,,,,,,,,,,,,,,0.078,0.079,0.079,0.079,0.077,0.077,0.079,0.079,0.080,0.078,,,0.080,0.405,0.436,0.441,0.441,0.434,0.429,0.422,0.404,0.081,,,0.079,0.107,0.107,0.106,0.107,0.106,0.107,0.106,0.106,0.078,,,0.080,0.390,0.421,0.446,0.431,0.443,0.438,0.427,0.407,0.079,,,0.077,0.107,0.108,0.108,0.107,0.108,0.107,0.108,0.107,0.079,,,0.080,0.081,0.078,0.078,0.078,0.079,0.079,0.078,0.078,0.079,,,,,,,,,,,,,
2:29:32,37.0,,,,,,,,,,,,,,0.078,0.079,0.079,0.079,0.077,0.077,0.080,0.079,0.080,0.078,,,0.081,0.431,0.472,0.474,0.475,0.467,0.461,0.454,0.433,0.080,,,0.078,0.108,0.108,0.108,0.108,0.107,0.108,0.107,0.107,0.078,,,0.080,0.411,0.449,0.482,0.463,0.476,0.470,0.459,0.437,0.079,,,0.077,0.108,0.109,0.109,0.108,0.110,0.108,0.110,0.109,0.079,,,0.080,0.082,0.078,0.078,0.078,0.079,0.079,0.078,0.078,0.079,,,,,,,,,,,,,
2:35:32,36.9,,,,,,,,,,,,,,0.078,0.079,0.079,0.079,0.077,0.077,0.080,0.079,0.080,0.078,,,0.083,0.460,0.508,0.509,0.509,0.500,0.495,0.487,0.464,0.081,,,0.079,0.109,0.110,0.109,0.109,0.108,0.109,0.109,0.109,0.078,,,0.080,0.433,0.481,0.519,0.503,0.512,0.505,0.492,0.468,0.079,,,0.077,0.109,0.110,0.110,0.109,0.111,0.109,0.111,0.110,0.079,,,0.080,0.082,0.078,0.078,0.078,0.079,0.079,0.078,0.078,0.079,,,,,,,,,,,,,
2:41:32,37.0,,,,,,,,,,,,,,0.078,0.079,0.079,0.079,0.077,0.077,0.080,0.079,0.081,0.078,,,0.084,0.490,0.546,0.545,0.547,0.536,0.530,0.522,0.498,0.080,,,0.078,0.110,0.111,0.110,0.110,0.110,0.110,0.110,0.110,0.078,,,0.080,0.458,0.511,0.557,0.543,0.549,0.540,0.526,0.502,0.079,,,0.077,0.110,0.111,0.111,0.111,0.113,0.110,0.112,0.111,0.079,,,0.080,0.081,0.078,0.078,0.078,0.079,0.079,0.078,0.078,0.079,,,,,,,,,,,,,
2:47:32,37.0,,,,,,,,,,,,,,0.078,0.079,0.079,0.079,0.077,0.077,0.080,0.079,0.080,0.078,,,0.085,0.522,0.585,0.583,0.584,0.573,0.567,0.559,0.532,0.080,,,0.078,0.111,0.112,0.111,0.112,0.111,0.112,0.111,0.111,0.078,,,0.080,0.481,0.541,0.595,0.583,0.585,0.577,0.562,0.537,0.079,,,0.077,0.112,0.113,0.113,0.112,0.114,0.112,0.114,0.113,0.079,,,0.080,0.081,0.078,0.078,0.078,0.079,0.078,0.078,0.078,0.079,,,,,,,,,,,,,
2:53:32,37.0,,,,,,,,,,,,,,0.078,0.079,0.079,0.079,0.077,0.077,0.080,0.079,0.080,0.078,,,0.087,0.560,0.624,0.621,0.621,0.610,0.604,0.596,0.567,0.080,,,0.079,0.113,0.114,0.113,0.114,0.113,0.113,0.113,0.113,0.078,,,0.080,0.505,0.571,0.633,0.624,0.620,0.614,0.599,0.572,0.079,,,0.077,0.113,0.114,0.114,0.113,0.115,0.114,0.115,0.114,0.079,,,0.080,0.082,0.078,0.078,0.078,0.079,0.079,0.078,0.079,0.080,,,,,,,,,,,,,
2:59:32,37.0,,,,,,,,,,,,,,0.078,0.079,0.079,0.079,0.077,0.077,0.080,0.079,0.080,0.078,,,0.086,0.601,0.662,0.656,0.658,0.646,0.640,0.632,0.603,0.080,,,0.078,0.114,0.115,0.115,0.115,0.114,0.115,0.114,0.114,0.078,,,0.080,0.530,0.601,0.667,0.664,0.653,0.647,0.633,0.608,0.079,,,0.077,0.114,0.116,0.116,0.115,0.117,0.115,0.117,0.116,0.079,,,0.080,0.082,0.078,0.078,0.078,0.079,0.079,0.078,0.078,0.079,,,,,,,,,,,,,
3:05:32,37.0,,,,,,,,,,,,,,0.078,0.079,0.079,0.079,0.077,0.077,0.080,0.079,0.080,0.078,,,0.085,0.640,0.699,0.691,0.693,0.680,0.675,0.668,0.638,0.081,,,0.078,0.116,0.117,0.116,0.116,0.116,0.117,0.116,0.116,0.078,,,0.080,0.559,0.644,0.702,0.698,0.687,0.681,0.667,0.642,0.079,,,0.077,0.116,0.117,0.117,0.117,0.119,0.117,0.119,0.118,0.079,,,0.080,0.081,0.078,0.078,0.078,0.079,0.079,0.078,0.079,0.080,,,,,,,,,,,,,
3:11:32,37.0,,,,,,,,,,,,,,0.078,0.079,0.079,0.079,0.077,0.077,0.080,0.079,0.080,0.078,,,0.083,0.678,0.732,0.723,0.725,0.713,0.707,0.701,0.672,0.081,,,0.079,0.117,0.118,0.118,0.118,0.118,0.118,0.118,0.118,0.078,,,0.080,0.584,0.683,0.735,0.731,0.720,0.713,0.698,0.675,0.079,,,0.077,0.118,0.119,0.119,0.118,0.121,0.119,0.120,0.119,0.079,,,0.080,0.081,0.078,0.078,0.078,0.079,0.079,0.078,0.078,0.080,,,,,,,,,,,,,
3:17:32,37.0,,,,,,,,,,,,,,0.078,0.079,0.079,0.079,0.077,0.077,0.080,0.079,0.080,0.078,,,0.082,0.714,0.762,0.752,0.756,0.745,0.738,0.732,0.704,0.081,,,0.078,0.119,0.120,0.120,0.120,0.120,0.121,0.120,0.119,0.078,,,0.080,0.611,0.719,0.766,0.765,0.752,0.745,0.730,0.704,0.079,,,0.077,0.120,0.121,0.121,0.121,0.123,0.120,0.122,0.121,0.079,,,0.080,0.081,0.078,0.078,0.078,0.079,0.078,0.078,0.078,0.079,,,,,,,,,,,,,
3:23:32,37.0,,,,,,,,,,,,,,0.078,0.079,0.079,0.079,0.077,0.077,0.080,0.079,0.080,0.078,,,0.082,0.748,0.792,0.782,0.787,0.775,0.767,0.762,0.735,0.081,,,0.079,0.121,0.122,0.122,0.122,0.122,0.122,0.122,0.122,0.078,,,0.080,0.637,0.754,0.796,0.797,0.782,0.776,0.760,0.735,0.079,,,0.077,0.122,0.123,0.123,0.123,0.124,0.122,0.124,0.123,0.079,,,0.080,0.081,0.078,0.078,0.078,0.079,0.079,0.078,0.078,0.080,,,,,,,,,,,,,
3:29:32,37.0,,,,,,,,,,,,,,0.078,0.079,0.079,0.079,0.077,0.077,0.080,0.079,0.080,0.078,,,0.082,0.780,0.826,0.815,0.819,0.806,0.798,0.792,0.765,0.081,,,0.079,0.123,0.124,0.124,0.124,0.124,0.124,0.124,0.123,0.078,,,0.080,0.663,0.788,0.829,0.834,0.813,0.807,0.790,0.764,0.079,,,0.077,0.124,0.125,0.125,0.125,0.127,0.125,0.127,0.125,0.079,,,0.080,0.082,0.078,0.078,0.078,0.079,0.078,0.078,0.078,0.079,,,,,,,,,,,,,
3:35:32,37.0,,,,,,,,,,,,,,0.078,0.079,0.079,0.079,0.077,0.077,0.079,0.079,0.080,0.078,,,0.081,0.812,0.858,0.851,0.854,0.843,0.834,0.827,0.795,0.081,,,0.078,0.125,0.127,0.127,0.127,0.126,0.127,0.126,0.126,0.078,,,0.080,0.687,0.805,0.863,0.862,0.851,0.847,0.829,0.796,0.079,,,0.077,0.126,0.127,0.127,0.128,0.129,0.127,0.129,0.127,0.079,,,0.080,0.081,0.078,0.078,0.078,0.079,0.079,0.078,0.078,0.079,,,,,,,,,,,,,
3:41:32,37.0,,,,,,,,,,,,,,0.078,0.079,0.079,0.079,0.077,0.077,0.079,0.079,0.081,0.078,,,0.081,0.837,0.875,0.871,0.873,0.865,0.861,0.859,0.833,0.081,,,0.078,0.128,0.129,0.129,0.129,0.128,0.129,0.128,0.128,0.078,,,0.080,0.695,0.822,0.883,0.881,0.877,0.873,0.861,0.839,0.079,,,0.077,0.128,0.130,0.130,0.130,0.131,0.130,0.131,0.130,0.079,,,0.080,0.081,0.078,0.078,0.078,0.079,0.079,0.078,0.078,0.080,,,,,,,,,,,,,
3:47:32,37.0,,,,,,,,,,,,,,0.078,0.079,0.079,0.079,0.077,0.077,0.080,0.079,0.081,0.078,,,0.080,0.852,0.885,0.885,0.886,0.878,0.876,0.878,0.862,0.081,,,0.079,0.130,0.132,0.132,0.132,0.131,0.131,0.131,0.131,0.078,,,0.080,0.703,0.829,0.888,0.884,0.886,0.886,0.880,0.861,0.079,,,0.077,0.131,0.132,0.134,0.133,0.134,0.132,0.134,0.132,0.079,,,0.080,0.081,0.078,0.078,0.078,0.079,0.079,0.078,0.078,0.080,,,,,,,,,,,,,
3:53:32,37.0,,,,,,,,,,,,,,0.078,0.079,0.079,0.079,0.078,0.078,0.080,0.079,0.080,0.078,,,0.081,0.852,0.887,0.887,0.886,0.878,0.877,0.886,0.874,0.081,,,0.078,0.133,0.135,0.135,0.135,0.134,0.135,0.133,0.133,0.078,,,0.080,0.712,0.833,0.898,0.895,0.898,0.890,0.884,0.872,0.079,,,0.077,0.134,0.135,0.137,0.136,0.137,0.135,0.137,0.135,0.079,,,0.080,0.081,0.078,0.078,0.078,0.079,0.079,0.078,0.078,0.080,,,,,,,,,,,,,
3:59:32,37.0,,,,,,,,,,,,,,0.078,0.079,0.079,0.079,0.077,0.077,0.080,0.079,0.080,0.078,,,0.080,0.847,0.891,0.891,0.891,0.885,0.883,0.886,0.878,0.081,,,0.078,0.136,0.138,0.138,0.139,0.137,0.138,0.136,0.136,0.078,,,0.080,0.716,0.835,0.895,0.892,0.896,0.895,0.888,0.876,0.079,,,0.077,0.137,0.139,0.140,0.139,0.140,0.138,0.139,0.138,0.079,,,0.080,0.081,0.078,0.078,0.078,0.079,0.078,0.078,0.078,0.079,,,,,,,,,,,,,
4:05:32,37.0,,,,,,,,,,,,,,0.078,0.079,0.079,0.079,0.077,0.077,0.080,0.079,0.081,0.078,,,0.080,0.843,0.888,0.887,0.888,0.881,0.880,0.889,0.879,0.081,,,0.079,0.139,0.142,0.142,0.143,0.141,0.141,0.139,0.139,0.078,,,0.080,0.719,0.836,0.892,0.889,0.892,0.892,0.890,0.872,0.079,,,0.077,0.140,0.142,0.144,0.143,0.143,0.141,0.143,0.141,0.079,,,0.080,0.081,0.078,0.078,0.078,0.079,0.078,0.078,0.078,0.079,,,,,,,,,,,,,
4:11:32,37.0,,,,,,,,,,,,,,0.078,0.079,0.079,0.079,0.077,0.078,0.080,0.079,0.080,0.078,,,0.080,0.840,0.886,0.885,0.885,0.878,0.877,0.886,0.877,0.081,,,0.078,0.143,0.145,0.146,0.146,0.144,0.145,0.143,0.142,0.078,,,0.080,0.723,0.843,0.891,0.888,0.889,0.889,0.887,0.876,0.079,,,0.077,0.144,0.146,0.147,0.146,0.147,0.145,0.146,0.144,0.079,,,0.080,0.081,0.078,0.078,0.078,0.079,0.079,0.078,0.078,0.079,,,,,,,,,,,,,
4:17:32,37.0,,,,,,,,,,,,,,0.078,0.079,0.079,0.079,0.078,0.077,0.080,0.079,0.081,0.078,,,0.080,0.838,0.883,0.883,0.883,0.876,0.875,0.884,0.878,0.081,,,0.078,0.147,0.149,0.150,0.151,0.148,0.148,0.146,0.146,0.078,,,0.080,0.726,0.845,0.891,0.887,0.889,0.887,0.883,0.875,0.079,,,0.077,0.148,0.150,0.152,0.150,0.151,0.148,0.150,0.148,0.079,,,0.080,0.081,0.078,0.078,0.078,0.079,0.079,0.078,0.078,0.079,,,,,,,,,,,,,
4:23:32,37.0,,,,,,,,,,,,,,0.078,0.079,0.079,0.079,0.078,0.077,0.080,0.079,0.081,0.078,,,0.080,0.837,0.882,0.881,0.882,0.874,0.873,0.881,0.875,0.081,,,0.079,0.151,0.153,0.154,0.155,0.152,0.152,0.150,0.149,0.078,,,0.080,0.729,0.846,0.890,0.887,0.889,0.886,0.882,0.872,0.079,,,0.077,0.153,0.154,0.156,0.155,0.155,0.153,0.154,0.151,0.079,,,0.080,0.081,0.078,0.078,0.078,0.079,0.079,0.078,0.078,0.080,,,,,,,,,,,,,
4:29:32,37.0,,,,,,,,,,,,,,0.079,0.079,0.079,0.079,0.078,0.078,0.080,0.079,0.081,0.078,,,0.080,0.835,0.881,0.880,0.881,0.873,0.872,0.880,0.872,0.081,,,0.079,0.156,0.158,0.159,0.160,0.157,0.157,0.154,0.153,0.078,,,0.080,0.733,0.845,0.891,0.886,0.889,0.886,0.882,0.869,0.079,,,0.077,0.157,0.159,0.160,0.159,0.160,0.157,0.158,0.155,0.079,,,0.080,0.081,0.078,0.078,0.078,0.079,0.079,0.078,0.078,0.080,,,,,,,,,,,,,
4:35:32,37.0,,,,,,,,,,,,,,0.078,0.079,0.079,0.079,0.078,0.077,0.080,0.079,0.081,0.078,,,0.080,0.832,0.880,0.880,0.879,0.872,0.871,0.878,0.869,0.081,,,0.079,0.160,0.163,0.163,0.164,0.162,0.161,0.159,0.157,0.079,,,0.080,0.739,0.845,0.890,0.884,0.889,0.886,0.882,0.867,0.079,,,0.077,0.162,0.163,0.165,0.164,0.164,0.162,0.162,0.160,0.079,,,0.080,0.081,0.078,0.078,0.078,0.079,0.079,0.078,0.078,0.080,,,,,,,,,,,,,
4:41:32,37.0,,,,,,,,,,,,,,0.078,0.079,0.079,0.079,0.078,0.078,0.080,0.079,0.080,0.078,,,0.080,0.830,0.879,0.878,0.879,0.871,0.870,0.877,0.867,0.081,,,0.079,0.165,0.167,0.168,0.169,0.166,0.166,0.163,0.161,0.078,,,0.080,0.745,0.844,0.888,0.882,0.888,0.885,0.880,0.865,0.079,,,0.077,0.167,0.168,0.170,0.169,0.169,0.166,0.167,0.164,0.079,,,0.080,0.081,0.078,0.078,0.078,0.079,0.078,0.078,0.078,0.079,,,,,,,,,,,,,
4:47:32,37.0,,,,,,,,,,,,,,0.078,0.079,0.079,0.079,0.077,0.077,0.080,0.079,0.080,0.078,,,0.080,0.829,0.877,0.878,0.878,0.870,0.869,0.876,0.866,0.081,,,0.078,0.170,0.172,0.173,0.174,0.171,0.171,0.167,0.166,0.078,,,0.080,0.755,0.844,0.885,0.880,0.888,0.884,0.880,0.864,0.079,,,0.077,0.171,0.173,0.175,0.174,0.174,0.170,0.172,0.168,0.079,,,0.080,0.081,0.078,0.078,0.078,0.079,0.079,0.078,0.078,0.079,,,,,,,,,,,,,
4:53:32,37.0,,,,,,,,,,,,,,0.078,0.079,0.079,0.079,0.077,0.078,0.080,0.079,0.080,0.078,,,0.079,0.828,0.875,0.876,0.876,0.869,0.868,0.875,0.864,0.081,,,0.078,0.174,0.177,0.178,0.180,0.176,0.176,0.172,0.170,0.078,,,0.080,0.758,0.844,0.884,0.879,0.885,0.882,0.878,0.863,0.079,,,0.077,0.176,0.178,0.180,0.179,0.179,0.176,0.176,0.173,0.079,,,0.080,0.081,0.078,0.078,0.078,0.079,0.078,0.078,0.078,0.080,,,,,,,,,,,,,
4:59:32,37.0,,,,,,,,,,,,,,0.078,0.079,0.079,0.079,0.078,0.077,0.079,0.079,0.080,0.078,,,0.080,0.827,0.874,0.874,0.875,0.867,0.866,0.874,0.863,0.081,,,0.078,0.180,0.182,0.184,0.185,0.181,0.181,0.176,0.175,0.078,,,0.080,0.759,0.844,0.883,0.878,0.883,0.881,0.876,0.862,0.079,,,0.077,0.182,0.183,0.186,0.185,0.184,0.181,0.181,0.178,0.079,,,0.080,0.081,0.078,0.078,0.078,0.079,0.079,0.078,0.078,0.080,,,,,,,,,,,,,
5:05:32,37.0,,,,,,,,,,,,,,0.078,0.079,0.079,0.079,0.078,0.077,0.080,0.079,0.080,0.079,,,0.080,0.826,0.872,0.872,0.873,0.865,0.864,0.871,0.862,0.081,,,0.079,0.185,0.188,0.189,0.191,0.187,0.186,0.182,0.180,0.078,,,0.080,0.760,0.844,0.881,0.878,0.881,0.878,0.874,0.860,0.079,,,0.077,0.188,0.189,0.191,0.190,0.190,0.186,0.187,0.183,0.079,,,0.080,0.081,0.078,0.078,0.078,0.079,0.079,0.078,0.078,0.080,,,,,,,,,,,,,
5:11:32,37.0,,,,,,,,,,,,,,0.078,0.079,0.079,0.079,0.078,0.077,0.080,0.079,0.080,0.078,,,0.080,0.825,0.870,0.870,0.871,0.864,0.862,0.870,0.860,0.081,,,0.078,0.191,0.194,0.195,0.197,0.193,0.192,0.187,0.185,0.078,,,0.080,0.762,0.843,0.878,0.876,0.878,0.877,0.874,0.859,0.079,,,0.077,0.194,0.195,0.197,0.196,0.195,0.191,0.192,0.188,0.079,,,0.080,0.081,0.078,0.078,0.078,0.079,0.079,0.078,0.078,0.079,,,,,,,,,,,,,
5:17:32,37.0,,,,,,,,,,,,,,0.079,0.079,0.079,0.079,0.078,0.077,0.080,0.079,0.080,0.078,,,0.080,0.823,0.869,0.868,0.870,0.863,0.861,0.868,0.859,0.081,,,0.079,0.197,0.200,0.201,0.203,0.199,0.198,0.193,0.190,0.078,,,0.080,0.763,0.843,0.875,0.874,0.876,0.875,0.875,0.858,0.079,,,0.077,0.200,0.201,0.203,0.203,0.202,0.197,0.198,0.193,0.079,,,0.080,0.081,0.078,0.078,0.078,0.079,0.079,0.078,0.078,0.080,,,,,,,,,,,,,
5:23:32,37.0,,,,,,,,,,,,,,0.078,0.079,0.079,0.079,0.078,0.078,0.080,0.079,0.080,0.078,,,0.080,0.822,0.868,0.867,0.869,0.861,0.859,0.867,0.858,0.081,,,0.078,0.204,0.207,0.207,0.209,0.205,0.204,0.199,0.196,0.078,,,0.080,0.764,0.842,0.872,0.871,0.872,0.872,0.871,0.857,0.079,,,0.077,0.206,0.207,0.210,0.209,0.208,0.203,0.203,0.199,0.079,,,0.080,0.081,0.078,0.078,0.078,0.079,0.079,0.078,0.079,0.080,,,,,,,,,,,,,
5:29:32,37.0,,,,,,,,,,,,,,0.078,0.079,0.079,0.079,0.078,0.077,0.080,0.079,0.080,0.078,,,0.080,0.820,0.867,0.866,0.868,0.860,0.858,0.866,0.857,0.081,,,0.078,0.210,0.213,0.214,0.216,0.211,0.210,0.204,0.202,0.078,,,0.080,0.766,0.841,0.868,0.867,0.869,0.869,0.868,0.855,0.079,,,0.077,0.213,0.214,0.216,0.215,0.214,0.209,0.210,0.205,0.079,,,0.080,0.081,0.078,0.078,0.078,0.079,0.079,0.078,0.078,0.080,,,,,,,,,,,,,
5:35:32,37.0,,,,,,,,,,,,,,0.079,0.079,0.079,0.079,0.078,0.077,0.080,0.079,0.081,0.078,,,0.080,0.819,0.865,0.864,0.866,0.859,0.856,0.864,0.856,0.081,,,0.079,0.216,0.220,0.221,0.223,0.218,0.216,0.211,0.208,0.078,,,0.080,0.767,0.841,0.865,0.863,0.865,0.865,0.865,0.854,0.079,,,0.077,0.220,0.221,0.223,0.222,0.221,0.216,0.216,0.211,0.079,,,0.080,0.081,0.078,0.078,0.078,0.079,0.079,0.078,0.078,0.080,,,,,,,,,,,,,
5:41:32,37.0,,,,,,,,,,,,,,0.078,0.079,0.079,0.079,0.078,0.077,0.080,0.079,0.080,0.078,,,0.080,0.816,0.862,0.861,0.864,0.856,0.854,0.862,0.855,0.081,,,0.078,0.223,0.227,0.227,0.230,0.224,0.223,0.217,0.214,0.078,,,0.080,0.769,0.846,0.861,0.860,0.861,0.862,0.862,0.853,0.079,,,0.077,0.227,0.228,0.230,0.229,0.227,0.223,0.222,0.217,0.079,,,0.080,0.081,0.078,0.078,0.078,0.079,0.078,0.078,0.079,0.080,,,,,,,,,,,,,
5:47:32,37.0,,,,,,,,,,,,,,0.079,0.079,0.079,0.079,0.078,0.077,0.079,0.079,0.080,0.078,,,0.080,0.814,0.860,0.858,0.861,0.854,0.851,0.860,0.854,0.082,,,0.078,0.230,0.234,0.234,0.236,0.231,0.229,0.223,0.221,0.078,,,0.080,0.770,0.868,0.859,0.857,0.859,0.860,0.859,0.851,0.079,,,0.077,0.234,0.235,0.237,0.236,0.234,0.229,0.229,0.224,0.079,,,0.080,0.081,0.078,0.078,0.078,0.079,0.079,0.078,0.078,0.080,,,,,,,,,,,,,
5:53:32,36.9,,,,,,,,,,,,,,0.078,0.079,0.079,0.079,0.078,0.077,0.080,0.079,0.081,0.078,,,0.080,0.811,0.857,0.856,0.859,0.852,0.849,0.858,0.852,0.081,,,0.079,0.237,0.241,0.242,0.244,0.239,0.237,0.230,0.227,0.078,,,0.080,0.771,0.881,0.862,0.859,0.862,0.861,0.857,0.850,0.079,,,0.077,0.241,0.243,0.245,0.244,0.242,0.236,0.236,0.231,0.079,,,0.080,0.081,0.079,0.078,0.078,0.079,0.079,0.078,0.078,0.080,,,,,,,,,,,,,
5:59:32,37.0,,,,,,,,,,,,,,0.078,0.079,0.079,0.079,0.078,0.077,0.080,0.079,0.081,0.079,,,0.080,0.808,0.854,0.853,0.857,0.849,0.845,0.856,0.851,0.082,,,0.078,0.245,0.249,0.249,0.251,0.245,0.244,0.237,0.234,0.078,,,0.080,0.772,0.889,0.868,0.865,0.867,0.866,0.859,0.847,0.079,,,0.077,0.248,0.250,0.253,0.251,0.249,0.244,0.243,0.238,0.079,,,0.080,0.081,0.078,0.078,0.078,0.079,0.079,0.078,0.079,0.080,,,,,,,,,,,,,
6:05:32,37.0,,,,,,,,,,,,,,0.079,0.079,0.079,0.079,0.077,0.077,0.079,0.079,0.081,0.078,,,0.080,0.805,0.853,0.852,0.858,0.851,0.845,0.852,0.848,0.081,,,0.078,0.252,0.256,0.257,0.259,0.253,0.251,0.244,0.241,0.079,,,0.080,0.775,0.892,0.871,0.869,0.870,0.870,0.862,0.845,0.079,,,0.077,0.256,0.257,0.260,0.259,0.256,0.251,0.251,0.244,0.079,,,0.080,0.081,0.078,0.078,0.078,0.079,0.079,0.078,0.078,0.080,,,,,,,,,,,,,
6:11:32,37.0,,,,,,,,,,,,,,0.079,0.079,0.079,0.079,0.077,0.077,0.079,0.079,0.080,0.078,,,0.080,0.803,0.855,0.853,0.858,0.850,0.846,0.855,0.846,0.081,,,0.078,0.260,0.264,0.265,0.267,0.261,0.259,0.252,0.248,0.078,,,0.080,0.781,0.891,0.871,0.868,0.870,0.870,0.866,0.845,0.079,,,0.077,0.264,0.265,0.268,0.267,0.264,0.259,0.257,0.252,0.079,,,0.080,0.081,0.079,0.078,0.078,0.079,0.079,0.078,0.079,0.080,,,,,,,,,,,,,
6:17:32,37.0,,,,,,,,,,,,,,0.079,0.079,0.079,0.079,0.078,0.077,0.080,0.079,0.080,0.078,,,0.080,0.803,0.854,0.853,0.859,0.852,0.847,0.854,0.845,0.081,,,0.078,0.268,0.272,0.273,0.275,0.269,0.267,0.260,0.256,0.078,,,0.080,0.802,0.890,0.869,0.866,0.868,0.868,0.865,0.846,0.079,,,0.077,0.273,0.274,0.276,0.275,0.272,0.267,0.266,0.260,0.079,,,0.080,0.081,0.079,0.078,0.078,0.079,0.079,0.078,0.078,0.080,,,,,,,,,,,,,
6:23:32,37.0,,,,,,,,,,,,,,0.079,0.079,0.079,0.079,0.078,0.077,0.080,0.079,0.081,0.078,,,0.080,0.805,0.855,0.854,0.859,0.852,0.848,0.855,0.846,0.081,,,0.078,0.276,0.280,0.281,0.283,0.277,0.275,0.267,0.263,0.078,,,0.080,0.818,0.887,0.865,0.863,0.865,0.864,0.863,0.847,0.079,,,0.077,0.281,0.281,0.284,0.283,0.280,0.274,0.273,0.267,0.079,,,0.080,0.081,0.079,0.078,0.078,0.079,0.079,0.078,0.079,0.080,,,,,,,,,,,,,
6:29:32,37.0,,,,,,,,,,,,,,0.079,0.079,0.079,0.079,0.078,0.077,0.080,0.079,0.081,0.080,,,0.080,0.805,0.854,0.853,0.858,0.851,0.846,0.855,0.846,0.081,,,0.078,0.285,0.288,0.289,0.291,0.285,0.283,0.275,0.271,0.078,,,0.080,0.824,0.885,0.862,0.860,0.861,0.861,0.859,0.847,0.079,,,0.077,0.289,0.290,0.293,0.291,0.288,0.282,0.281,0.274,0.079,,,0.080,0.081,0.078,0.078,0.078,0.079,0.079,0.078,0.079,0.086,,,,,,,,,,,,,
6:35:32,36.9,,,,,,,,,,,,,,0.079,0.079,0.079,0.079,0.078,0.077,0.079,0.079,0.081,0.079,,,0.080,0.806,0.851,0.850,0.854,0.848,0.844,0.852,0.846,0.081,,,0.078,0.292,0.297,0.297,0.299,0.293,0.291,0.283,0.279,0.078,,,0.080,0.826,0.882,0.859,0.857,0.858,0.857,0.856,0.845,0.079,,,0.077,0.298,0.298,0.301,0.299,0.296,0.290,0.289,0.283,0.079,,,0.080,0.081,0.078,0.078,0.078,0.079,0.079,0.078,0.078,0.095,,,,,,,,,,,,,
6:41:32,37.0,,,,,,,,,,,,,,0.079,0.079,0.079,0.079,0.078,0.077,0.080,0.079,0.081,0.078,,,0.080,0.804,0.848,0.847,0.852,0.845,0.840,0.850,0.845,0.081,,,0.078,0.300,0.305,0.305,0.308,0.301,0.299,0.291,0.287,0.078,,,0.080,0.826,0.879,0.856,0.853,0.855,0.855,0.852,0.842,0.079,,,0.077,0.306,0.306,0.309,0.308,0.305,0.298,0.297,0.291,0.079,,,0.080,0.081,0.079,0.078,0.078,0.079,0.079,0.078,0.079,0.089,,,,,,,,,,,,,
6:47:32,37.0,,,,,,,,,,,,,,0.079,0.079,0.079,0.079,0.078,0.077,0.080,0.079,0.081,0.078,,,0.080,0.802,0.844,0.844,0.848,0.841,0.837,0.846,0.844,0.081,,,0.078,0.309,0.314,0.314,0.316,0.309,0.307,0.299,0.295,0.078,,,0.080,0.825,0.877,0.852,0.850,0.852,0.851,0.849,0.838,0.079,,,0.077,0.314,0.315,0.318,0.316,0.313,0.306,0.305,0.299,0.079,,,0.080,0.081,0.078,0.078,0.078,0.079,0.079,0.078,0.078,0.093,,,,,,,,,,,,,
6:53:32,37.0,,,,,,,,,,,,,,0.079,0.079,0.079,0.079,0.078,0.077,0.080,0.079,0.081,0.079,,,0.080,0.800,0.842,0.841,0.845,0.838,0.834,0.842,0.840,0.081,,,0.078,0.317,0.321,0.322,0.324,0.317,0.315,0.307,0.303,0.078,,,0.080,0.822,0.874,0.849,0.848,0.849,0.848,0.846,0.834,0.079,,,0.077,0.323,0.323,0.326,0.325,0.321,0.314,0.313,0.306,0.079,,,0.080,0.081,0.079,0.078,0.078,0.079,0.079,0.078,0.078,0.090,,,,,,,,,,,,,
6:59:32,37.0,,,,,,,,,,,,,,0.079,0.079,0.079,0.079,0.078,0.077,0.080,0.079,0.081,0.079,,,0.080,0.796,0.838,0.837,0.841,0.834,0.830,0.839,0.837,0.081,,,0.078,0.326,0.330,0.330,0.333,0.326,0.324,0.315,0.312,0.078,,,0.080,0.820,0.871,0.846,0.845,0.846,0.845,0.842,0.831,0.079,,,0.077,0.331,0.331,0.334,0.333,0.329,0.322,0.321,0.315,0.079,,,0.080,0.081,0.079,0.078,0.078,0.079,0.079,0.078,0.078,0.080,,,,,,,,,,,,,
7:05:32,37.0,,,,,,,,,,,,,,0.079,0.079,0.079,0.079,0.078,0.077,0.079,0.079,0.080,0.079,,,0.080,0.793,0.835,0.834,0.838,0.832,0.827,0.835,0.834,0.081,,,0.078,0.333,0.338,0.339,0.341,0.334,0.331,0.323,0.319,0.078,,,0.080,0.819,0.868,0.844,0.842,0.843,0.842,0.839,0.828,0.079,,,0.077,0.339,0.340,0.343,0.342,0.337,0.331,0.329,0.324,0.079,,,0.080,0.081,0.078,0.078,0.078,0.079,0.079,0.078,0.078,0.110,,,,,,,,,,,,,
7:11:32,37.0,,,,,,,,,,,,,,0.079,0.079,0.079,0.079,0.078,0.078,0.079,0.079,0.081,0.081,,,0.080,0.791,0.832,0.831,0.835,0.829,0.824,0.833,0.830,0.083,,,0.078,0.342,0.347,0.347,0.349,0.342,0.340,0.331,0.327,0.078,,,0.080,0.817,0.865,0.841,0.840,0.840,0.840,0.837,0.824,0.079,,,0.077,0.348,0.348,0.351,0.349,0.345,0.338,0.337,0.331,0.079,,,0.080,0.081,0.079,0.078,0.078,0.079,0.079,0.078,0.078,0.108,,,,,,,,,,,,,
7:17:32,37.0,,,,,,,,,,,,,,0.079,0.079,0.079,0.079,0.078,0.077,0.079,0.079,0.081,0.079,,,0.080,0.788,0.829,0.828,0.833,0.827,0.821,0.830,0.826,0.081,,,0.078,0.350,0.355,0.355,0.357,0.351,0.348,0.339,0.336,0.079,,,0.080,0.814,0.863,0.838,0.838,0.838,0.837,0.834,0.821,0.079,,,0.077,0.356,0.356,0.359,0.358,0.353,0.347,0.345,0.340,0.079,,,0.080,0.081,0.079,0.078,0.078,0.079,0.079,0.078,0.078,0.102,,,,,,,,,,,,,
7:23:32,37.0,,,,,,,,,,,,,,0.079,0.079,0.079,0.079,0.078,0.077,0.079,0.079,0.081,0.079,,,0.080,0.786,0.826,0.826,0.829,0.823,0.819,0.827,0.823,0.081,,,0.078,0.358,0.363,0.363,0.365,0.358,0.357,0.347,0.344,0.079,,,0.080,0.812,0.860,0.836,0.838,0.835,0.834,0.831,0.818,0.079,,,0.077,0.363,0.364,0.367,0.366,0.361,0.354,0.354,0.349,0.079,,,0.080,0.081,0.078,0.078,0.078,0.079,0.079,0.078,0.078,0.111,,,,,,,,,,,,,
7:29:32,37.0,,,,,,,,,,,,,,0.079,0.079,0.079,0.079,0.078,0.077,0.079,0.079,0.081,0.080,,,0.080,0.786,0.823,0.823,0.828,0.820,0.816,0.823,0.820,0.081,,,0.079,0.365,0.371,0.370,0.373,0.366,0.363,0.354,0.352,0.079,,,0.080,0.810,0.857,0.833,0.838,0.832,0.832,0.828,0.815,0.079,,,0.077,0.371,0.371,0.375,0.373,0.369,0.362,0.362,0.356,0.079,,,0.080,0.081,0.081,0.078,0.078,0.079,0.079,0.078,0.078,0.097,,,,,,,,,,,,,
7:35:32,37.0,,,,,,,,,,,,,,0.079,0.079,0.079,0.079,0.077,0.077,0.079,0.079,0.081,0.081,,,0.080,0.786,0.821,0.820,0.825,0.818,0.814,0.821,0.817,0.082,,,0.078,0.372,0.378,0.378,0.381,0.373,0.371,0.363,0.360,0.078,,,0.080,0.808,0.854,0.831,0.838,0.829,0.829,0.826,0.813,0.079,,,0.077,0.379,0.379,0.382,0.381,0.377,0.369,0.369,0.365,0.079,,,0.080,0.081,0.079,0.078,0.078,0.079,0.079,0.078,0.078,0.105,,,,,,,,,,,,,
7:41:32,37.0,,,,,,,,,,,,,,0.079,0.079,0.079,0.079,0.078,0.077,0.079,0.079,0.080,0.079,,,0.080,0.787,0.819,0.817,0.822,0.815,0.811,0.819,0.815,0.081,,,0.078,0.380,0.386,0.386,0.388,0.381,0.379,0.370,0.368,0.078,,,0.080,0.806,0.851,0.828,0.836,0.827,0.826,0.823,0.810,0.079,,,0.077,0.386,0.386,0.389,0.389,0.384,0.378,0.377,0.372,0.079,,,0.080,0.081,0.079,0.078,0.078,0.079,0.078,0.078,0.078,0.093,,,,,,,,,,,,,
7:47:32,37.0,,,,,,,,,,,,,,0.079,0.079,0.079,0.079,0.078,0.077,0.080,0.079,0.081,0.079,,,0.080,0.788,0.817,0.815,0.820,0.813,0.809,0.816,0.812,0.081,,,0.078,0.387,0.393,0.393,0.396,0.389,0.387,0.378,0.376,0.079,,,0.080,0.804,0.850,0.827,0.835,0.825,0.824,0.821,0.807,0.079,,,0.077,0.394,0.394,0.397,0.396,0.391,0.385,0.384,0.380,0.079,,,0.080,0.081,0.079,0.078,0.078,0.079,0.079,0.078,0.078,0.117,,,,,,,,,,,,,
7:53:32,37.0,,,,,,,,,,,,,,0.079,0.079,0.079,0.079,0.078,0.077,0.080,0.079,0.080,0.080,,,0.080,0.787,0.814,0.813,0.818,0.811,0.806,0.813,0.809,0.082,,,0.078,0.394,0.400,0.401,0.403,0.396,0.393,0.385,0.384,0.079,,,0.080,0.802,0.846,0.824,0.833,0.823,0.822,0.818,0.804,0.079,,,0.077,0.400,0.401,0.404,0.404,0.398,0.391,0.391,0.388,0.079,,,0.080,0.081,0.079,0.078,0.078,0.079,0.079,0.078,0.078,0.123,,,,,,,,,,,,,
7:59:32,37.0,,,,,,,,,,,,,,0.079,0.079,0.079,0.079,0.078,0.077,0.079,0.079,0.081,0.079,,,0.080,0.785,0.812,0.810,0.816,0.809,0.804,0.811,0.806,0.082,,,0.078,0.401,0.407,0.408,0.410,0.402,0.401,0.391,0.391,0.079,,,0.080,0.800,0.844,0.824,0.831,0.820,0.820,0.816,0.802,0.079,,,0.077,0.407,0.408,0.411,0.410,0.405,0.398,0.398,0.395,0.079,,,0.080,0.081,0.079,0.078,0.078,0.079,0.079,0.078,0.078,0.126,,,,,,,,,,,,,
8:05:32,37.0,,,,,,,,,,,,,,0.079,0.079,0.079,0.079,0.078,0.077,0.080,0.079,0.081,0.082,,,0.080,0.783,0.809,0.808,0.814,0.806,0.801,0.808,0.804,0.087,,,0.079,0.408,0.414,0.414,0.417,0.409,0.407,0.399,0.398,0.080,,,0.080,0.798,0.842,0.823,0.829,0.818,0.817,0.814,0.800,0.079,,,0.077,0.414,0.414,0.418,0.417,0.412,0.405,0.406,0.402,0.079,,,0.080,0.081,0.079,0.078,0.078,0.079,0.078,0.078,0.079,0.144,,,,,,,,,,,,,
8:11:32,37.0,,,,,,,,,,,,,,0.079,0.079,0.079,0.079,0.078,0.077,0.080,0.079,0.081,0.079,,,0.080,0.782,0.807,0.806,0.811,0.804,0.799,0.806,0.802,0.086,,,0.079,0.414,0.421,0.421,0.424,0.416,0.414,0.406,0.405,0.080,,,0.080,0.796,0.839,0.823,0.826,0.816,0.815,0.811,0.797,0.079,,,0.077,0.420,0.421,0.424,0.424,0.419,0.412,0.412,0.409,0.079,,,0.080,0.081,0.079,0.078,0.078,0.079,0.079,0.078,0.078,0.122,,,,,,,,,,,,,
8:17:32,37.0,,,,,,,,,,,,,,0.079,0.079,0.079,0.079,0.078,0.077,0.079,0.079,0.081,0.083,,,0.080,0.779,0.806,0.804,0.809,0.802,0.797,0.803,0.799,0.084,,,0.079,0.420,0.427,0.428,0.430,0.423,0.421,0.412,0.412,0.079,,,0.080,0.794,0.837,0.822,0.824,0.814,0.813,0.809,0.795,0.079,,,0.077,0.427,0.427,0.431,0.430,0.425,0.418,0.418,0.416,0.079,,,0.080,0.081,0.079,0.078,0.078,0.079,0.079,0.078,0.078,0.135,,,,,,,,,,,,,
8:23:32,37.0,,,,,,,,,,,,,,0.079,0.079,0.079,0.079,0.077,0.077,0.079,0.079,0.080,0.079,,,0.079,0.777,0.803,0.802,0.807,0.800,0.795,0.801,0.798,0.082,,,0.078,0.427,0.434,0.435,0.437,0.429,0.427,0.419,0.418,0.079,,,0.080,0.792,0.834,0.820,0.821,0.811,0.811,0.807,0.792,0.079,,,0.077,0.433,0.433,0.437,0.436,0.431,0.425,0.426,0.422,0.079,,,0.080,0.081,0.079,0.078,0.078,0.079,0.079,0.078,0.078,0.120,,,,,,,,,,,,,
8:29:32,37.0,,,,,,,,,,,,,,0.079,0.079,0.079,0.079,0.077,0.077,0.079,0.079,0.080,0.079,,,0.080,0.775,0.801,0.799,0.805,0.798,0.793,0.799,0.795,0.087,,,0.078,0.433,0.440,0.441,0.443,0.436,0.434,0.425,0.425,0.079,,,0.080,0.791,0.832,0.819,0.819,0.810,0.810,0.805,0.791,0.079,,,0.077,0.439,0.439,0.443,0.444,0.438,0.431,0.432,0.429,0.079,,,0.080,0.081,0.079,0.078,0.078,0.079,0.079,0.078,0.078,0.120,,,,,,,,,,,,,
8:35:32,36.9,,,,,,,,,,,,,,0.079,0.079,0.079,0.079,0.078,0.078,0.080,0.079,0.081,0.079,,,0.080,0.773,0.799,0.798,0.804,0.796,0.791,0.797,0.793,0.081,,,0.079,0.439,0.446,0.447,0.450,0.442,0.440,0.431,0.432,0.079,,,0.080,0.789,0.830,0.817,0.816,0.809,0.808,0.804,0.789,0.079,,,0.077,0.445,0.445,0.450,0.449,0.444,0.437,0.438,0.436,0.079,,,0.080,0.081,0.079,0.078,0.078,0.079,0.079,0.078,0.078,0.137,,,,,,,,,,,,,
8:41:32,37.0,,,,,,,,,,,,,,0.079,0.079,0.079,0.079,0.078,0.077,0.079,0.079,0.080,0.083,,,0.080,0.770,0.796,0.796,0.802,0.794,0.789,0.796,0.791,0.085,,,0.078,0.444,0.452,0.453,0.456,0.448,0.446,0.438,0.438,0.079,,,0.080,0.787,0.828,0.816,0.814,0.807,0.805,0.802,0.786,0.079,,,0.077,0.451,0.451,0.455,0.455,0.449,0.443,0.444,0.442,0.079,,,0.080,0.081,0.079,0.078,0.078,0.079,0.079,0.078,0.079,0.132,,,,,,,,,,,,,
8:47:32,37.0,,,,,,,,,,,,,,0.079,0.079,0.079,0.079,0.078,0.078,0.080,0.079,0.080,0.079,,,0.080,0.768,0.795,0.794,0.800,0.793,0.787,0.794,0.789,0.084,,,0.078,0.450,0.458,0.459,0.462,0.454,0.452,0.444,0.445,0.079,,,0.080,0.785,0.825,0.813,0.812,0.805,0.805,0.800,0.785,0.079,,,0.077,0.456,0.456,0.461,0.461,0.455,0.449,0.450,0.448,0.079,,,0.080,0.081,0.079,0.078,0.078,0.079,0.079,0.078,0.079,0.122,,,,,,,,,,,,,
8:53:32,37.0,,,,,,,,,,,,,,0.079,0.079,0.079,0.079,0.078,0.077,0.079,0.079,0.081,0.079,,,0.080,0.765,0.793,0.792,0.798,0.791,0.786,0.791,0.787,0.081,,,0.078,0.456,0.463,0.465,0.468,0.459,0.458,0.450,0.451,0.078,,,0.080,0.783,0.823,0.811,0.809,0.804,0.803,0.799,0.783,0.079,,,0.077,0.462,0.462,0.466,0.466,0.460,0.454,0.457,0.454,0.079,,,0.080,0.081,0.083,0.078,0.078,0.079,0.079,0.078,0.078,0.130,,,,,,,,,,,,,
8:59:32,37.0,,,,,,,,,,,,,,0.079,0.079,0.079,0.079,0.078,0.077,0.079,0.079,0.081,0.079,,,0.080,0.764,0.791,0.791,0.796,0.789,0.783,0.790,0.785,0.081,,,0.078,0.461,0.469,0.471,0.474,0.465,0.463,0.456,0.457,0.079,,,0.080,0.781,0.821,0.809,0.807,0.802,0.801,0.797,0.782,0.079,,,0.077,0.467,0.467,0.471,0.471,0.466,0.460,0.462,0.461,0.079,,,0.080,0.081,0.079,0.078,0.078,0.079,0.079,0.078,0.078,0.163,,,,,,,,,,,,,
9:05:32,37.0,,,,,,,,,,,,,,0.078,0.079,0.079,0.079,0.078,0.078,0.080,0.079,0.080,0.079,,,0.080,0.761,0.790,0.789,0.794,0.787,0.781,0.788,0.783,0.082,,,0.078,0.467,0.474,0.476,0.478,0.469,0.469,0.461,0.463,0.080,,,0.080,0.780,0.820,0.807,0.805,0.802,0.799,0.795,0.780,0.079,,,0.077,0.471,0.471,0.476,0.477,0.471,0.465,0.468,0.466,0.079,,,0.080,0.081,0.079,0.078,0.078,0.079,0.079,0.078,0.078,0.137,,,,,,,,,,,,,
9:11:32,36.9,,,,,,,,,,,,,,0.078,0.079,0.079,0.079,0.078,0.077,0.080,0.079,0.081,0.079,,,0.080,0.760,0.788,0.787,0.793,0.786,0.780,0.786,0.781,0.081,,,0.078,0.471,0.479,0.481,0.484,0.475,0.474,0.466,0.469,0.080,,,0.080,0.778,0.818,0.806,0.802,0.801,0.797,0.794,0.778,0.079,,,0.077,0.476,0.476,0.480,0.481,0.475,0.470,0.473,0.472,0.080,,,0.080,0.081,0.079,0.078,0.078,0.079,0.079,0.078,0.078,0.166,,,,,,,,,,,,,
9:17:32,37.0,,,,,,,,,,,,,,0.078,0.079,0.079,0.079,0.078,0.077,0.080,0.079,0.081,0.079,,,0.080,0.757,0.787,0.786,0.791,0.784,0.779,0.785,0.780,0.085,,,0.079,0.476,0.483,0.486,0.489,0.480,0.479,0.472,0.474,0.079,,,0.080,0.776,0.815,0.803,0.801,0.801,0.796,0.792,0.777,0.079,,,0.077,0.480,0.479,0.485,0.486,0.480,0.475,0.478,0.478,0.080,,,0.080,0.081,0.082,0.078,0.078,0.079,0.079,0.078,0.078,0.145,,,,,,,,,,,,,
9:23:32,37.0,,,,,,,,,,,,,,0.078,0.079,0.079,0.079,0.078,0.077,0.079,0.079,0.080,0.079,,,0.080,0.755,0.785,0.784,0.790,0.783,0.777,0.783,0.779,0.081,,,0.078,0.480,0.487,0.489,0.493,0.484,0.483,0.477,0.480,0.081,,,0.080,0.774,0.813,0.801,0.799,0.800,0.795,0.791,0.776,0.079,,,0.077,0.484,0.483,0.489,0.489,0.484,0.479,0.483,0.482,0.079,,,0.080,0.081,0.079,0.078,0.078,0.079,0.079,0.078,0.078,0.155,,,,,,,,,,,,,
9:29:32,37.0,,,,,,,,,,,,,,0.078,0.079,0.079,0.079,0.078,0.077,0.080,0.079,0.081,0.084,,,0.080,0.753,0.784,0.782,0.788,0.781,0.776,0.782,0.777,0.089,,,0.078,0.484,0.491,0.494,0.497,0.488,0.488,0.482,0.485,0.079,,,0.080,0.772,0.811,0.799,0.796,0.799,0.794,0.789,0.773,0.079,,,0.077,0.487,0.486,0.492,0.493,0.487,0.483,0.488,0.488,0.079,,,0.080,0.081,0.079,0.078,0.078,0.079,0.079,0.078,0.078,0.115,,,,,,,,,,,,,
9:35:32,37.0,,,,,,,,,,,,,,0.078,0.079,0.079,0.079,0.077,0.077,0.080,0.079,0.080,0.079,,,0.080,0.751,0.782,0.781,0.787,0.780,0.774,0.781,0.775,0.081,,,0.078,0.485,0.494,0.496,0.499,0.491,0.491,0.486,0.490,0.081,,,0.080,0.771,0.810,0.797,0.794,0.798,0.793,0.788,0.772,0.079,,,0.077,0.488,0.488,0.493,0.494,0.490,0.487,0.491,0.492,0.079,,,0.080,0.081,0.079,0.078,0.078,0.079,0.079,0.078,0.078,0.147,,,,,,,,,,,,,
9:41:32,37.0,,,,,,,,,,,,,,0.078,0.079,0.079,0.079,0.078,0.078,0.080,0.079,0.081,0.079,,,0.080,0.750,0.780,0.780,0.786,0.778,0.773,0.779,0.774,0.089,,,0.078,0.488,0.496,0.498,0.501,0.493,0.493,0.490,0.495,0.082,,,0.080,0.769,0.808,0.796,0.792,0.797,0.792,0.786,0.771,0.079,,,0.077,0.494,0.491,0.497,0.497,0.492,0.488,0.495,0.498,0.080,,,0.080,0.081,0.079,0.078,0.078,0.079,0.079,0.078,0.078,0.138,,,,,,,,,,,,,
9:47:32,37.0,,,,,,,,,,,,,,0.078,0.079,0.079,0.079,0.078,0.077,0.079,0.079,0.081,0.079,,,0.080,0.747,0.780,0.779,0.784,0.777,0.771,0.777,0.773,0.081,,,0.078,0.499,0.507,0.509,0.514,0.502,0.496,0.491,0.499,0.081,,,0.080,0.768,0.806,0.793,0.790,0.796,0.791,0.785,0.769,0.079,,,0.077,0.504,0.503,0.509,0.509,0.501,0.492,0.497,0.500,0.080,,,0.080,0.081,0.079,0.078,0.078,0.079,0.079,0.078,0.078,0.125,,,,,,,,,,,,,
9:53:32,37.0,,,,,,,,,,,,,,0.078,0.079,0.079,0.079,0.078,0.078,0.079,0.079,0.082,0.079,,,0.080,0.746,0.778,0.777,0.784,0.776,0.770,0.777,0.771,0.099,,,0.078,0.506,0.515,0.517,0.522,0.511,0.509,0.500,0.501,0.081,,,0.080,0.766,0.804,0.792,0.788,0.794,0.790,0.785,0.768,0.079,,,0.077,0.510,0.508,0.516,0.517,0.510,0.504,0.507,0.502,0.080,,,0.080,0.081,0.080,0.078,0.078,0.079,0.079,0.078,0.079,0.176,,,,,,,,,,,,,
9:59:32,37.0,,,,,,,,,,,,,,0.078,0.079,0.079,0.079,0.077,0.077,0.079,0.079,0.081,0.080,,,0.080,0.744,0.777,0.776,0.782,0.775,0.769,0.775,0.770,0.084,,,0.079,0.510,0.519,0.522,0.525,0.516,0.516,0.509,0.510,0.080,,,0.080,0.765,0.802,0.790,0.786,0.793,0.790,0.783,0.767,0.079,,,0.077,0.511,0.511,0.517,0.519,0.515,0.511,0.516,0.515,0.080,,,0.080,0.081,0.079,0.078,0.078,0.079,0.079,0.078,0.078,0.144,,,,,,,,,,,,,
10:05:32,37.0,,,,,,,,,,,,,,0.078,0.079,0.079,0.079,0.078,0.077,0.080,0.079,0.081,0.079,,,0.080,0.743,0.776,0.775,0.781,0.773,0.768,0.774,0.769,0.081,,,0.079,0.510,0.519,0.522,0.525,0.518,0.519,0.516,0.519,0.081,,,0.080,0.763,0.801,0.789,0.785,0.792,0.789,0.782,0.766,0.079,,,0.077,0.510,0.510,0.516,0.519,0.516,0.513,0.521,0.522,0.080,,,0.080,0.081,0.079,0.078,0.078,0.079,0.079,0.078,0.078,0.114,,,,,,,,,,,,,
10:11:32,37.0,,,,,,,,,,,,,,0.078,0.079,0.079,0.079,0.078,0.077,0.080,0.079,0.081,0.079,,,0.080,0.740,0.775,0.774,0.780,0.771,0.767,0.773,0.768,0.093,,,0.078,0.507,0.518,0.521,0.524,0.517,0.520,0.518,0.525,0.081,,,0.080,0.762,0.799,0.787,0.783,0.790,0.789,0.781,0.765,0.079,,,0.077,0.508,0.508,0.514,0.517,0.515,0.513,0.523,0.527,0.083,,,0.080,0.081,0.079,0.078,0.078,0.079,0.079,0.078,0.078,0.149,,,,,,,,,,,,,
10:17:32,37.0,,,,,,,,,,,,,,0.078,0.079,0.079,0.079,0.078,0.077,0.079,0.079,0.081,0.079,,,0.080,0.739,0.773,0.772,0.779,0.771,0.766,0.772,0.766,0.084,,,0.079,0.506,0.515,0.519,0.521,0.515,0.518,0.518,0.528,0.078,,,0.080,0.760,0.797,0.785,0.781,0.788,0.788,0.781,0.764,0.079,,,0.077,0.505,0.505,0.512,0.514,0.512,0.511,0.523,0.528,0.082,,,0.080,0.081,0.082,0.078,0.078,0.079,0.079,0.078,0.078,0.138,,,,,,,,,,,,,
10:23:32,37.0,,,,,,,,,,,,,,0.078,0.079,0.079,0.079,0.078,0.077,0.079,0.079,0.081,0.079,,,0.080,0.738,0.772,0.772,0.778,0.770,0.764,0.771,0.765,0.091,,,0.078,0.503,0.513,0.516,0.518,0.512,0.516,0.517,0.528,0.081,,,0.080,0.758,0.796,0.784,0.780,0.787,0.788,0.779,0.763,0.079,,,0.077,0.502,0.502,0.509,0.510,0.510,0.508,0.521,0.528,0.085,,,0.080,0.081,0.079,0.078,0.078,0.079,0.079,0.078,0.079,0.161,,,,,,,,,,,,,
10:29:32,37.0,,,,,,,,,,,,,,0.078,0.079,0.079,0.079,0.077,0.077,0.079,0.079,0.082,0.080,,,0.080,0.735,0.771,0.770,0.777,0.769,0.763,0.770,0.765,0.103,,,0.078,0.501,0.510,0.512,0.515,0.510,0.513,0.514,0.527,0.080,,,0.080,0.757,0.794,0.783,0.779,0.785,0.788,0.778,0.762,0.079,,,0.077,0.499,0.499,0.506,0.508,0.506,0.507,0.518,0.527,0.084,,,0.080,0.081,0.079,0.078,0.078,0.079,0.079,0.078,0.078,0.146,,,,,,,,,,,,,
10:35:32,37.0,,,,,,,,,,,,,,0.078,0.079,0.079,0.079,0.077,0.077,0.079,0.079,0.081,0.079,,,0.080,0.734,0.771,0.770,0.775,0.768,0.763,0.769,0.763,0.081,,,0.078,0.498,0.507,0.510,0.512,0.507,0.512,0.513,0.526,0.079,,,0.080,0.756,0.793,0.781,0.777,0.784,0.788,0.778,0.762,0.079,,,0.077,0.498,0.496,0.504,0.505,0.504,0.503,0.516,0.526,0.083,,,0.080,0.081,0.080,0.078,0.078,0.079,0.079,0.078,0.078,0.165,,,,,,,,,,,,,
10:41:32,37.0,,,,,,,,,,,,,,0.078,0.079,0.079,0.079,0.077,0.077,0.080,0.079,0.081,0.084,,,0.080,0.732,0.769,0.769,0.774,0.766,0.762,0.767,0.762,0.096,,,0.078,0.496,0.505,0.508,0.509,0.505,0.508,0.510,0.524,0.084,,,0.080,0.754,0.791,0.779,0.775,0.783,0.787,0.777,0.760,0.079,,,0.077,0.494,0.494,0.501,0.502,0.502,0.501,0.514,0.524,0.084,,,0.080,0.081,0.079,0.078,0.078,0.079,0.079,0.078,0.078,0.155,,,,,,,,,,,,,
10:47:32,37.0,,,,,,,,,,,,,,0.078,0.079,0.079,0.079,0.077,0.077,0.080,0.079,0.081,0.079,,,0.080,0.730,0.768,0.768,0.774,0.766,0.761,0.767,0.761,0.081,,,0.078,0.493,0.502,0.505,0.506,0.501,0.505,0.508,0.523,0.078,,,0.080,0.753,0.789,0.778,0.774,0.781,0.786,0.777,0.759,0.079,,,0.077,0.492,0.491,0.498,0.499,0.498,0.498,0.511,0.522,0.082,,,0.080,0.081,0.079,0.078,0.078,0.079,0.079,0.078,0.078,0.140,,,,,,,,,,,,,
10:53:32,37.0,,,,,,,,,,,,,,0.079,0.079,0.079,0.079,0.078,0.077,0.080,0.079,0.081,0.079,,,0.080,0.729,0.767,0.767,0.773,0.765,0.760,0.766,0.761,0.082,,,0.078,0.491,0.501,0.503,0.505,0.499,0.505,0.506,0.521,0.083,,,0.080,0.752,0.788,0.777,0.773,0.781,0.786,0.776,0.759,0.079,,,0.077,0.490,0.490,0.496,0.498,0.496,0.497,0.510,0.520,0.083,,,0.080,0.081,0.079,0.079,0.078,0.079,0.079,0.078,0.078,0.168,,,,,,,,,,,,,
10:59:32,37.0,,,,,,,,,,,,,,0.078,0.079,0.079,0.079,0.077,0.077,0.080,0.079,0.081,0.081,,,0.080,0.728,0.766,0.766,0.772,0.764,0.759,0.765,0.760,0.096,,,0.078,0.489,0.498,0.500,0.503,0.497,0.502,0.504,0.519,0.084,,,0.080,0.750,0.786,0.775,0.771,0.779,0.784,0.775,0.758,0.079,,,0.077,0.487,0.487,0.493,0.495,0.494,0.494,0.507,0.518,0.085,,,0.080,0.081,0.082,0.078,0.078,0.079,0.079,0.078,0.078,0.162,,,,,,,,,,,,,
11:05:32,37.0,,,,,,,,,,,,,,0.078,0.079,0.081,0.079,0.077,0.077,0.079,0.079,0.081,0.079,,,0.080,0.726,0.766,0.765,0.772,0.764,0.758,0.764,0.759,0.081,,,0.078,0.487,0.496,0.499,0.500,0.496,0.499,0.502,0.517,0.079,,,0.080,0.749,0.786,0.774,0.770,0.778,0.785,0.775,0.757,0.079,,,0.077,0.486,0.485,0.491,0.492,0.492,0.492,0.505,0.516,0.082,,,0.080,0.081,0.079,0.078,0.078,0.079,0.079,0.078,0.078,0.135,,,,,,,,,,,,,
11:11:32,36.9,,,,,,,,,,,,,,0.078,0.079,0.079,0.079,0.077,0.077,0.079,0.079,0.080,0.079,,,0.080,0.725,0.765,0.764,0.771,0.763,0.758,0.763,0.759,0.081,,,0.078,0.485,0.494,0.496,0.499,0.494,0.498,0.500,0.516,0.084,,,0.080,0.748,0.784,0.773,0.769,0.776,0.783,0.776,0.757,0.079,,,0.077,0.484,0.482,0.489,0.492,0.491,0.490,0.504,0.515,0.085,,,0.085,0.081,0.092,0.078,0.078,0.079,0.079,0.078,0.078,0.156,,,,,,,,,,,,,
11:17:32,37.0,,,,,,,,,,,,,,0.078,0.079,0.079,0.079,0.077,0.077,0.080,0.079,0.080,0.079,,,0.080,0.723,0.765,0.763,0.770,0.762,0.757,0.763,0.757,0.082,,,0.078,0.484,0.492,0.494,0.497,0.492,0.495,0.498,0.514,0.080,,,0.080,0.746,0.783,0.772,0.767,0.775,0.782,0.775,0.756,0.079,,,0.077,0.482,0.480,0.488,0.489,0.489,0.489,0.502,0.512,0.085,,,0.108,0.081,0.087,0.078,0.078,0.079,0.079,0.078,0.078,0.141,,,,,,,,,,,,,
11:23:32,37.0,,,,,,,,,,,,,,0.078,0.079,0.079,0.079,0.077,0.077,0.080,0.079,0.081,0.079,,,0.080,0.722,0.764,0.763,0.770,0.761,0.756,0.762,0.757,0.116,,,0.078,0.482,0.491,0.493,0.495,0.490,0.494,0.497,0.513,0.080,,,0.080,0.745,0.781,0.770,0.766,0.775,0.781,0.776,0.756,0.079,,,0.077,0.480,0.479,0.486,0.488,0.487,0.487,0.500,0.511,0.084,,,0.082,0.081,0.087,0.078,0.078,0.079,0.079,0.078,0.078,0.172,,,,,,,,,,,,,
11:29:32,37.0,,,,,,,,,,,,,,0.078,0.079,0.079,0.079,0.077,0.077,0.080,0.079,0.081,0.079,,,0.080,0.720,0.763,0.762,0.768,0.761,0.755,0.761,0.756,0.097,,,0.078,0.481,0.489,0.491,0.493,0.488,0.493,0.495,0.511,0.085,,,0.080,0.744,0.780,0.770,0.765,0.773,0.780,0.776,0.755,0.079,,,0.077,0.478,0.477,0.485,0.486,0.485,0.485,0.499,0.510,0.082,,,0.084,0.081,0.081,0.078,0.078,0.079,0.079,0.078,0.078,0.138,,,,,,,,,,,,,
11:35:32,37.0,,,,,,,,,,,,,,0.078,0.079,0.079,0.079,0.077,0.077,0.080,0.079,0.081,0.079,,,0.080,0.719,0.763,0.762,0.768,0.760,0.755,0.761,0.756,0.082,,,0.078,0.478,0.488,0.489,0.492,0.486,0.491,0.493,0.510,0.082,,,0.080,0.743,0.779,0.768,0.764,0.773,0.779,0.776,0.754,0.079,,,0.077,0.477,0.477,0.484,0.484,0.484,0.484,0.497,0.508,0.085,,,0.081,0.081,0.094,0.078,0.078,0.079,0.079,0.078,0.079,0.126,,,,,,,,,,,,,
11:41:32,37.0,,,,,,,,,,,,,,0.078,0.079,0.079,0.079,0.077,0.077,0.080,0.079,0.081,0.079,,,0.080,0.718,0.763,0.761,0.768,0.760,0.754,0.760,0.755,0.099,,,0.078,0.477,0.486,0.488,0.490,0.485,0.489,0.492,0.508,0.085,,,0.080,0.742,0.777,0.768,0.763,0.772,0.778,0.776,0.754,0.079,,,0.077,0.476,0.475,0.481,0.483,0.482,0.482,0.494,0.507,0.085,,,0.080,0.081,0.079,0.078,0.078,0.079,0.079,0.078,0.078,0.133,,,,,,,,,,,,,
11:47:32,37.0,,,,,,,,,,,,,,0.078,0.079,0.080,0.079,0.077,0.077,0.080,0.079,0.081,0.079,,,0.080,0.717,0.764,0.761,0.768,0.759,0.754,0.759,0.755,0.081,,,0.079,0.476,0.485,0.487,0.489,0.484,0.489,0.491,0.507,0.079,,,0.080,0.740,0.776,0.767,0.762,0.771,0.778,0.776,0.754,0.079,,,0.077,0.475,0.474,0.481,0.482,0.482,0.482,0.494,0.505,0.083,,,0.119,0.081,0.080,0.078,0.078,0.079,0.079,0.078,0.079,0.191,,,,,,,,,,,,,
11:53:32,37.0,,,,,,,,,,,,,,0.078,0.079,0.079,0.079,0.077,0.077,0.079,0.079,0.081,0.085,,,0.080,0.716,0.764,0.760,0.767,0.759,0.753,0.759,0.754,0.106,,,0.079,0.474,0.483,0.486,0.488,0.482,0.488,0.489,0.505,0.086,,,0.080,0.739,0.775,0.766,0.761,0.770,0.777,0.776,0.753,0.079,,,0.077,0.473,0.472,0.479,0.480,0.480,0.480,0.492,0.504,0.085,,,0.080,0.081,0.103,0.078,0.078,0.079,0.079,0.078,0.079,0.173,,,,,,,,,,,,,
11:59:32,37.0,,,,,,,,,,,,,,0.078,0.079,0.079,0.079,0.077,0.077,0.079,0.079,0.080,0.079,,,0.080,0.715,0.764,0.760,0.767,0.758,0.753,0.758,0.753,0.081,,,0.079,0.474,0.483,0.485,0.486,0.482,0.486,0.489,0.504,0.081,,,0.080,0.738,0.774,0.765,0.760,0.769,0.776,0.775,0.753,0.079,,,0.077,0.472,0.470,0.479,0.479,0.478,0.478,0.492,0.503,0.084,,,0.083,0.081,0.101,0.078,0.078,0.079,0.079,0.078,0.078,0.165,,,,,,,,,,,,,
12:05:32,37.0,,,,,,,,,,,,,,0.079,0.079,0.079,0.079,0.077,0.077,0.080,0.079,0.081,0.079,,,0.080,0.714,0.765,0.760,0.768,0.757,0.752,0.758,0.753,0.096,,,0.078,0.473,0.481,0.484,0.486,0.482,0.484,0.487,0.503,0.083,,,0.080,0.737,0.772,0.764,0.759,0.768,0.775,0.775,0.752,0.079,,,0.077,0.471,0.470,0.477,0.479,0.478,0.478,0.490,0.501,0.085,,,0.082,0.081,0.091,0.078,0.081,0.079,0.079,0.078,0.079,0.149,,,,,,,,,,,,,
12:11:32,37.0,,,,,,,,,,,,,,0.078,0.079,0.079,0.079,0.077,0.077,0.080,0.079,0.081,0.079,,,0.080,0.713,0.764,0.759,0.767,0.757,0.752,0.757,0.752,0.081,,,0.079,0.472,0.479,0.482,0.484,0.479,0.483,0.485,0.502,0.078,,,0.080,0.736,0.771,0.763,0.758,0.767,0.774,0.775,0.752,0.079,,,0.077,0.469,0.469,0.475,0.476,0.476,0.476,0.489,0.500,0.084,,,0.084,0.081,0.082,0.078,0.080,0.079,0.079,0.078,0.079,0.102,,,,,,,,,,,,,
12:17:32,37.0,,,,,,,,,,,,,,0.078,0.079,0.079,0.079,0.077,0.077,0.080,0.079,0.081,0.085,,,0.080,0.712,0.765,0.760,0.768,0.756,0.751,0.756,0.752,0.113,,,0.079,0.470,0.479,0.481,0.484,0.478,0.483,0.484,0.500,0.083,,,0.080,0.735,0.770,0.762,0.757,0.766,0.773,0.773,0.751,0.079,,,0.078,0.468,0.468,0.474,0.475,0.476,0.475,0.488,0.499,0.083,,,0.081,0.081,0.104,0.078,0.078,0.079,0.079,0.078,0.078,0.165,,,,,,,,,,,,,
12:23:32,37.0,,,,,,,,,,,,,,0.078,0.079,0.079,0.079,0.078,0.077,0.080,0.079,0.081,0.079,,,0.080,0.711,0.765,0.760,0.768,0.757,0.751,0.757,0.752,0.082,,,0.078,0.469,0.478,0.480,0.482,0.478,0.481,0.484,0.499,0.081,,,0.080,0.734,0.769,0.761,0.756,0.766,0.772,0.774,0.751,0.079,,,0.078,0.468,0.467,0.474,0.475,0.474,0.473,0.486,0.498,0.082,,,0.087,0.081,0.090,0.078,0.078,0.079,0.079,0.078,0.079,0.142,,,,,,,,,,,,,
12:29:32,37.0,,,,,,,,,,,,,,0.078,0.079,0.079,0.079,0.078,0.077,0.080,0.079,0.081,0.079,,,0.080,0.709,0.764,0.760,0.768,0.756,0.751,0.756,0.751,0.086,,,0.079,0.468,0.478,0.479,0.482,0.476,0.480,0.483,0.498,0.080,,,0.080,0.733,0.768,0.761,0.755,0.765,0.771,0.773,0.751,0.079,,,0.077,0.466,0.465,0.473,0.473,0.474,0.473,0.486,0.497,0.084,,,0.080,0.081,0.101,0.079,0.078,0.079,0.079,0.078,0.078,0.149,,,,,,,,,,,,,
12:35:32,37.0,,,,,,,,,,,,,,0.078,0.079,0.079,0.079,0.077,0.077,0.079,0.079,0.080,0.079,,,0.079,0.709,0.764,0.760,0.768,0.756,0.751,0.755,0.751,0.093,,,0.079,0.468,0.476,0.478,0.481,0.474,0.481,0.481,0.497,0.080,,,0.080,0.732,0.767,0.760,0.755,0.764,0.770,0.772,0.751,0.079,,,0.077,0.466,0.464,0.472,0.474,0.473,0.473,0.485,0.495,0.084,,,0.085,0.081,0.103,0.078,0.080,0.079,0.079,0.078,0.094,0.145,,,,,,,,,,,,,
12:41:32,37.0,,,,,,,,,,,,,,0.078,0.079,0.079,0.079,0.078,0.077,0.080,0.079,0.081,0.079,,,0.080,0.708,0.763,0.761,0.768,0.756,0.752,0.755,0.750,0.108,,,0.079,0.467,0.474,0.477,0.479,0.474,0.477,0.480,0.496,0.079,,,0.080,0.731,0.766,0.759,0.754,0.763,0.769,0.772,0.751,0.079,,,0.077,0.464,0.465,0.470,0.472,0.472,0.471,0.483,0.495,0.086,,,0.125,0.081,0.085,0.079,0.078,0.079,0.079,0.078,0.086,0.112,,,,,,,,,,,,,
12:47:32,37.0,,,,,,,,,,,,,,0.078,0.079,0.079,0.079,0.078,0.077,0.080,0.079,0.081,0.079,,,0.080,0.707,0.762,0.761,0.768,0.755,0.751,0.756,0.751,0.092,,,0.079,0.466,0.474,0.477,0.478,0.473,0.477,0.480,0.495,0.084,,,0.080,0.730,0.765,0.758,0.753,0.762,0.768,0.771,0.750,0.079,,,0.078,0.463,0.462,0.470,0.471,0.471,0.471,0.482,0.494,0.085,,,0.080,0.081,0.084,0.079,0.081,0.079,0.079,0.078,0.079,0.129,,,,,,,,,,,,,
12:53:32,37.0,,,,,,,,,,,,,,0.078,0.079,0.079,0.079,0.078,0.077,0.080,0.079,0.081,0.080,,,0.080,0.706,0.762,0.761,0.768,0.755,0.751,0.755,0.750,0.110,,,0.079,0.464,0.473,0.476,0.478,0.472,0.478,0.479,0.494,0.082,,,0.080,0.729,0.763,0.758,0.752,0.762,0.767,0.771,0.750,0.079,,,0.077,0.463,0.461,0.469,0.471,0.470,0.469,0.482,0.493,0.083,,,0.096,0.081,0.089,0.078,0.079,0.079,0.079,0.078,0.078,0.128,,,,,,,,,,,,,
12:59:32,37.0,,,,,,,,,,,,,,0.078,0.079,0.079,0.079,0.077,0.077,0.079,0.079,0.080,0.080,,,0.079,0.705,0.761,0.761,0.768,0.754,0.751,0.754,0.750,0.088,,,0.078,0.463,0.472,0.475,0.476,0.472,0.477,0.478,0.493,0.080,,,0.080,0.728,0.763,0.757,0.751,0.760,0.767,0.770,0.750,0.079,,,0.077,0.462,0.460,0.468,0.470,0.469,0.469,0.481,0.493,0.084,,,0.081,0.081,0.100,0.079,0.079,0.079,0.079,0.078,0.078,0.155,,,,,,,,,,,,,
13:05:32,37.0,,,,,,,,,,,,,,0.078,0.079,0.080,0.079,0.077,0.077,0.079,0.079,0.081,0.079,,,0.080,0.704,0.761,0.761,0.767,0.754,0.751,0.754,0.749,0.093,,,0.079,0.464,0.472,0.474,0.476,0.471,0.475,0.478,0.493,0.082,,,0.080,0.727,0.761,0.756,0.751,0.760,0.766,0.769,0.749,0.079,,,0.077,0.461,0.460,0.467,0.469,0.469,0.468,0.480,0.491,0.084,,,0.133,0.081,0.113,0.078,0.082,0.079,0.079,0.078,0.078,0.122,,,,,,,,,,,,,
13:11:32,37.0,,,,,,,,,,,,,,0.078,0.079,0.079,0.079,0.078,0.077,0.079,0.079,0.081,0.079,,,0.080,0.703,0.760,0.760,0.767,0.755,0.752,0.754,0.749,0.091,,,0.079,0.462,0.471,0.473,0.475,0.470,0.475,0.476,0.491,0.078,,,0.080,0.726,0.761,0.756,0.751,0.760,0.766,0.769,0.750,0.079,,,0.077,0.460,0.459,0.467,0.468,0.467,0.468,0.478,0.490,0.084,,,0.085,0.081,0.080,0.078,0.078,0.079,0.079,0.078,0.078,0.124,,,,,,,,,,,,,
13:17:32,37.0,,,,,,,,,,,,,,0.078,0.079,0.079,0.079,0.077,0.077,0.079,0.079,0.081,0.079,,,0.080,0.702,0.759,0.759,0.766,0.755,0.752,0.754,0.750,0.081,,,0.079,0.461,0.469,0.472,0.473,0.470,0.473,0.475,0.490,0.078,,,0.080,0.725,0.760,0.755,0.749,0.759,0.765,0.769,0.749,0.079,,,0.077,0.459,0.458,0.465,0.467,0.468,0.465,0.478,0.489,0.086,,,0.080,0.081,0.080,0.079,0.080,0.079,0.079,0.078,0.078,0.114,,,,,,,,,,,,,
13:23:32,37.0,,,,,,,,,,,,,,0.078,0.079,0.079,0.079,0.077,0.077,0.080,0.079,0.081,0.079,,,0.080,0.701,0.759,0.759,0.766,0.755,0.752,0.753,0.749,0.112,,,0.079,0.461,0.468,0.471,0.473,0.469,0.472,0.475,0.490,0.087,,,0.080,0.725,0.759,0.754,0.749,0.758,0.764,0.768,0.749,0.079,,,0.077,0.458,0.457,0.465,0.467,0.466,0.466,0.477,0.488,0.087,,,0.081,0.081,0.112,0.079,0.081,0.079,0.079,0.078,0.079,0.167,,,,,,,,,,,,,
13:29:32,37.0,,,,,,,,,,,,,,0.078,0.079,0.079,0.079,0.078,0.077,0.079,0.079,0.081,0.079,,,0.080,0.700,0.758,0.759,0.765,0.756,0.752,0.753,0.749,0.081,,,0.079,0.460,0.468,0.471,0.473,0.468,0.471,0.474,0.488,0.088,,,0.080,0.724,0.758,0.754,0.748,0.758,0.764,0.767,0.749,0.079,,,0.078,0.458,0.456,0.465,0.466,0.466,0.465,0.477,0.487,0.087,,,0.103,0.081,0.104,0.079,0.078,0.079,0.079,0.078,0.095,0.181,,,,,,,,,,,,,
13:35:32,37.0,,,,,,,,,,,,,,0.078,0.079,0.079,0.079,0.077,0.077,0.079,0.079,0.080,0.079,,,0.079,0.699,0.757,0.758,0.765,0.755,0.751,0.753,0.748,0.086,,,0.079,0.459,0.467,0.470,0.472,0.469,0.471,0.473,0.487,0.080,,,0.080,0.723,0.757,0.753,0.747,0.757,0.763,0.766,0.749,0.079,,,0.077,0.456,0.455,0.463,0.465,0.465,0.464,0.476,0.487,0.086,,,0.116,0.081,0.107,0.078,0.078,0.079,0.079,0.078,0.078,0.132,,,,,,,,,,,,,
13:41:32,37.0,,,,,,,,,,,,,,0.078,0.079,0.079,0.079,0.077,0.077,0.079,0.079,0.080,0.079,,,0.080,0.698,0.757,0.757,0.764,0.756,0.751,0.753,0.748,0.087,,,0.079,0.458,0.466,0.469,0.471,0.467,0.469,0.472,0.487,0.080,,,0.080,0.722,0.756,0.752,0.747,0.757,0.762,0.766,0.748,0.079,,,0.077,0.456,0.454,0.462,0.464,0.465,0.463,0.475,0.486,0.086,,,0.094,0.081,0.094,0.078,0.078,0.079,0.079,0.078,0.078,0.120,,,,,,,,,,,,,
13:47:32,37.0,,,,,,,,,,,,,,0.079,0.079,0.079,0.079,0.077,0.077,0.079,0.079,0.080,0.079,,,0.080,0.698,0.757,0.757,0.764,0.756,0.750,0.753,0.748,0.081,,,0.079,0.457,0.466,0.469,0.470,0.466,0.469,0.471,0.486,0.078,,,0.080,0.721,0.755,0.752,0.746,0.756,0.762,0.766,0.748,0.079,,,0.077,0.455,0.454,0.462,0.464,0.464,0.463,0.474,0.485,0.083,,,0.080,0.082,0.111,0.078,0.078,0.079,0.079,0.078,0.078,0.142,,,,,,,,,,,,,
13:53:32,37.0,,,,,,,,,,,,,,0.078,0.079,0.079,0.079,0.077,0.077,0.079,0.079,0.080,0.079,,,0.080,0.697,0.756,0.756,0.763,0.756,0.750,0.753,0.747,0.127,,,0.079,0.457,0.464,0.468,0.469,0.465,0.469,0.471,0.486,0.089,,,0.080,0.720,0.754,0.751,0.745,0.756,0.761,0.765,0.748,0.079,,,0.077,0.454,0.453,0.460,0.463,0.463,0.462,0.474,0.483,0.085,,,0.103,0.081,0.097,0.078,0.078,0.079,0.079,0.078,0.079,0.154,,,,,,,,,,,,,
13:59:32,37.0,,,,,,,,,,,,,,0.079,0.079,0.079,0.079,0.077,0.077,0.079,0.079,0.081,0.080,,,0.080,0.697,0.755,0.756,0.763,0.756,0.750,0.753,0.748,0.132,,,0.079,0.457,0.463,0.467,0.469,0.464,0.468,0.470,0.485,0.087,,,0.080,0.719,0.754,0.751,0.745,0.755,0.760,0.764,0.748,0.079,,,0.078,0.453,0.452,0.460,0.462,0.462,0.462,0.473,0.483,0.087,,,0.099,0.082,0.106,0.078,0.084,0.079,0.079,0.078,0.079,0.155,,,,,,,,,,,,,
14:05:32,37.0,,,,,,,,,,,,,,0.079,0.079,0.079,0.079,0.077,0.077,0.080,0.079,0.080,0.080,,,0.080,0.696,0.755,0.755,0.762,0.756,0.749,0.753,0.747,0.107,,,0.079,0.456,0.464,0.466,0.469,0.464,0.468,0.470,0.483,0.083,,,0.080,0.718,0.753,0.750,0.744,0.755,0.760,0.764,0.748,0.079,,,0.078,0.453,0.451,0.459,0.461,0.461,0.461,0.472,0.483,0.084,,,0.080,0.082,0.112,0.078,0.078,0.079,0.079,0.078,0.078,0.158,,,,,,,,,,,,,
14:11:32,37.0,,,,,,,,,,,,,,0.078,0.079,0.079,0.079,0.078,0.078,0.079,0.079,0.081,0.080,,,0.080,0.696,0.753,0.755,0.762,0.756,0.749,0.754,0.747,0.083,,,0.079,0.455,0.462,0.465,0.468,0.463,0.466,0.469,0.483,0.079,,,0.080,0.718,0.752,0.750,0.744,0.754,0.760,0.764,0.748,0.080,,,0.078,0.452,0.450,0.459,0.461,0.461,0.460,0.471,0.482,0.084,,,0.082,0.082,0.115,0.079,0.079,0.079,0.079,0.078,0.079,0.200,,,,,,,,,,,,,
14:17:32,37.0,,,,,,,,,,,,,,0.078,0.079,0.079,0.079,0.077,0.077,0.079,0.079,0.081,0.080,,,0.080,0.694,0.753,0.755,0.760,0.755,0.749,0.754,0.747,0.095,,,0.079,0.455,0.461,0.465,0.468,0.463,0.467,0.467,0.482,0.090,,,0.080,0.717,0.751,0.750,0.743,0.754,0.759,0.763,0.747,0.080,,,0.078,0.451,0.451,0.457,0.460,0.460,0.459,0.471,0.481,0.087,,,0.083,0.082,0.089,0.078,0.083,0.079,0.079,0.078,0.078,0.172,,,,,,,,,,,,,
14:23:32,37.0,,,,,,,,,,,,,,0.078,0.079,0.079,0.079,0.077,0.077,0.079,0.079,0.081,0.079,,,0.080,0.694,0.752,0.754,0.760,0.755,0.748,0.754,0.747,0.086,,,0.078,0.454,0.460,0.464,0.467,0.461,0.465,0.467,0.482,0.085,,,0.080,0.716,0.751,0.748,0.742,0.753,0.758,0.762,0.748,0.080,,,0.077,0.451,0.449,0.456,0.459,0.459,0.459,0.471,0.481,0.086,,,0.126,0.082,0.098,0.078,0.078,0.079,0.079,0.078,0.078,0.200,,,,,,,,,,,,,
14:29:32,37.0,,,,,,,,,,,,,,0.079,0.079,0.079,0.079,0.077,0.077,0.080,0.079,0.081,0.080,,,0.080,0.694,0.752,0.754,0.760,0.754,0.748,0.754,0.747,0.081,,,0.079,0.453,0.459,0.464,0.466,0.462,0.465,0.467,0.481,0.079,,,0.080,0.715,0.750,0.749,0.742,0.753,0.758,0.762,0.748,0.080,,,0.077,0.450,0.449,0.457,0.459,0.459,0.459,0.470,0.480,0.083,,,0.081,0.082,0.082,0.079,0.081,0.079,0.079,0.078,0.078,0.134,,,,,,,,,,,,,
14:35:32,37.0,,,,,,,,,,,,,,0.078,0.079,0.079,0.079,0.077,0.077,0.079,0.079,0.080,0.080,,,0.079,0.693,0.751,0.753,0.759,0.754,0.747,0.754,0.746,0.089,,,0.079,0.453,0.458,0.464,0.463,0.460,0.463,0.465,0.480,0.078,,,0.080,0.714,0.749,0.748,0.741,0.752,0.757,0.761,0.747,0.080,,,0.077,0.449,0.448,0.455,0.457,0.458,0.457,0.468,0.480,0.083,,,0.080,0.082,0.083,0.079,0.079,0.079,0.079,0.078,0.078,0.135,,,,,,,,,,,,,
14:41:32,37.0,,,,,,,,,,,,,,0.078,0.079,0.079,0.079,0.078,0.077,0.080,0.079,0.081,0.079,,,0.080,0.692,0.751,0.752,0.758,0.754,0.747,0.754,0.746,0.087,,,0.078,0.452,0.459,0.461,0.464,0.459,0.464,0.464,0.480,0.079,,,0.080,0.714,0.748,0.747,0.741,0.751,0.757,0.761,0.747,0.080,,,0.077,0.449,0.446,0.455,0.457,0.457,0.457,0.468,0.477,0.083,,,0.107,0.081,0.105,0.079,0.079,0.079,0.079,0.078,0.078,0.183,,,,,,,,,,,,,
14:47:32,37.0,,,,,,,,,,,,,,0.078,0.079,0.079,0.079,0.077,0.077,0.080,0.079,0.081,0.080,,,0.080,0.691,0.750,0.752,0.758,0.753,0.746,0.754,0.746,0.147,,,0.078,0.452,0.458,0.462,0.464,0.459,0.463,0.464,0.479,0.089,,,0.080,0.713,0.748,0.746,0.740,0.751,0.756,0.760,0.747,0.080,,,0.078,0.447,0.446,0.454,0.457,0.457,0.457,0.469,0.477,0.084,,,0.080,0.082,0.081,0.079,0.079,0.079,0.079,0.078,0.085,0.203,,,,,,,,,,,,,
14:53:32,37.0,,,,,,,,,,,,,,0.079,0.079,0.079,0.079,0.077,0.077,0.080,0.079,0.081,0.080,,,0.080,0.691,0.750,0.751,0.758,0.753,0.746,0.755,0.746,0.151,,,0.079,0.451,0.457,0.461,0.463,0.459,0.463,0.463,0.478,0.084,,,0.080,0.712,0.747,0.746,0.740,0.750,0.756,0.760,0.747,0.080,,,0.078,0.447,0.446,0.453,0.456,0.456,0.456,0.468,0.477,0.089,,,0.095,0.082,0.089,0.079,0.079,0.079,0.079,0.078,0.079,0.174,,,,,,,,,,,,,
14:59:32,37.0,,,,,,,,,,,,,,0.078,0.079,0.079,0.079,0.077,0.077,0.079,0.079,0.080,0.080,,,0.079,0.690,0.750,0.750,0.757,0.752,0.746,0.754,0.746,0.087,,,0.078,0.451,0.457,0.461,0.463,0.458,0.462,0.463,0.478,0.088,,,0.080,0.712,0.747,0.746,0.739,0.750,0.755,0.760,0.747,0.079,,,0.077,0.447,0.445,0.453,0.455,0.456,0.455,0.467,0.477,0.084,,,0.113,0.081,0.081,0.078,0.080,0.079,0.079,0.078,0.078,0.160,,,,,,,,,,,,,
15:05:32,37.0,,,,,,,,,,,,,,0.079,0.079,0.079,0.079,0.077,0.077,0.079,0.079,0.080,0.079,,,0.080,0.690,0.749,0.750,0.757,0.752,0.744,0.754,0.746,0.081,,,0.078,0.450,0.456,0.459,0.461,0.457,0.461,0.461,0.476,0.080,,,0.080,0.711,0.745,0.745,0.739,0.750,0.756,0.759,0.747,0.080,,,0.077,0.446,0.444,0.452,0.455,0.455,0.454,0.466,0.476,0.083,,,0.084,0.081,0.084,0.078,0.088,0.079,0.079,0.078,0.078,0.138,,,,,,,,,,,,,
15:11:32,37.0,,,,,,,,,,,,,,0.078,0.079,0.079,0.079,0.077,0.077,0.079,0.079,0.081,0.080,,,0.080,0.689,0.749,0.750,0.756,0.752,0.745,0.754,0.746,0.086,,,0.079,0.449,0.455,0.459,0.461,0.456,0.461,0.462,0.475,0.081,,,0.080,0.710,0.745,0.745,0.738,0.749,0.755,0.759,0.747,0.080,,,0.078,0.445,0.444,0.452,0.454,0.455,0.454,0.466,0.475,0.084,,,0.112,0.082,0.119,0.078,0.083,0.079,0.079,0.078,0.079,0.181,,,,,,,,,,,,,
15:17:32,37.0,,,,,,,,,,,,,,0.079,0.079,0.079,0.079,0.077,0.077,0.080,0.079,0.081,0.080,,,0.080,0.689,0.748,0.750,0.756,0.751,0.745,0.754,0.746,0.120,,,0.079,0.449,0.454,0.460,0.461,0.456,0.460,0.460,0.475,0.094,,,0.080,0.710,0.744,0.744,0.738,0.749,0.754,0.758,0.746,0.080,,,0.078,0.444,0.443,0.452,0.453,0.454,0.454,0.464,0.474,0.088,,,0.087,0.082,0.119,0.078,0.085,0.079,0.079,0.078,0.079,0.181,,,,,,,,,,,,,
15:23:32,37.0,,,,,,,,,,,,,,0.078,0.079,0.079,0.079,0.077,0.077,0.080,0.079,0.081,0.080,,,0.080,0.688,0.747,0.749,0.755,0.751,0.744,0.753,0.745,0.081,,,0.079,0.449,0.454,0.458,0.460,0.455,0.459,0.460,0.475,0.082,,,0.080,0.709,0.744,0.744,0.737,0.748,0.754,0.758,0.746,0.080,,,0.078,0.444,0.442,0.450,0.454,0.453,0.452,0.463,0.474,0.088,,,0.130,0.082,0.102,0.079,0.091,0.079,0.079,0.078,0.078,0.190,,,,,,,,,,,,,
15:29:32,37.0,,,,,,,,,,,,,,0.079,0.079,0.079,0.079,0.078,0.077,0.080,0.079,0.081,0.080,,,0.079,0.688,0.747,0.748,0.755,0.750,0.743,0.754,0.745,0.118,,,0.079,0.448,0.452,0.458,0.458,0.455,0.458,0.460,0.473,0.099,,,0.080,0.708,0.743,0.743,0.737,0.748,0.753,0.757,0.747,0.080,,,0.078,0.442,0.442,0.449,0.453,0.453,0.453,0.464,0.472,0.087,,,0.116,0.082,0.085,0.079,0.087,0.079,0.079,0.078,0.078,0.180,,,,,,,,,,,,,
15:35:32,37.0,,,,,,,,,,,,,,0.079,0.079,0.089,0.079,0.077,0.078,0.080,0.079,0.080,0.082,,,0.080,0.688,0.747,0.749,0.755,0.750,0.743,0.753,0.744,0.131,,,0.079,0.448,0.452,0.457,0.458,0.454,0.457,0.460,0.473,0.097,,,0.080,0.708,0.742,0.742,0.736,0.748,0.753,0.756,0.747,0.080,,,0.078,0.443,0.442,0.448,0.452,0.453,0.452,0.463,0.473,0.092,,,0.093,0.082,0.111,0.079,0.079,0.079,0.079,0.078,0.079,0.140,,,,,,,,,,,,,
15:41:32,37.0,,,,,,,,,,,,,,0.079,0.079,0.079,0.079,0.078,0.077,0.080,0.079,0.081,0.080,,,0.080,0.687,0.746,0.748,0.754,0.750,0.742,0.753,0.744,0.111,,,0.078,0.447,0.451,0.457,0.458,0.454,0.457,0.458,0.472,0.084,,,0.080,0.707,0.741,0.742,0.736,0.747,0.752,0.756,0.747,0.080,,,0.078,0.441,0.441,0.449,0.452,0.451,0.451,0.462,0.472,0.089,,,0.116,0.082,0.082,0.079,0.093,0.079,0.079,0.078,0.078,0.135,,,,,,,,,,,,,
15:47:32,37.0,,,,,,,,,,,,,,0.079,0.079,0.079,0.079,0.077,0.077,0.080,0.079,0.081,0.080,,,0.080,0.686,0.746,0.747,0.754,0.749,0.742,0.752,0.744,0.088,,,0.079,0.446,0.451,0.455,0.458,0.452,0.457,0.457,0.472,0.079,,,0.080,0.706,0.740,0.742,0.735,0.747,0.752,0.757,0.748,0.080,,,0.077,0.442,0.440,0.448,0.451,0.451,0.450,0.461,0.472,0.087,,,0.102,0.082,0.081,0.079,0.082,0.079,0.079,0.078,0.079,0.122,,,,,,,,,,,,,
15:53:32,37.0,,,,,,,,,,,,,,0.078,0.079,0.079,0.079,0.077,0.077,0.079,0.079,0.080,0.079,,,0.079,0.685,0.745,0.747,0.753,0.748,0.741,0.752,0.744,0.100,,,0.078,0.446,0.450,0.456,0.457,0.453,0.456,0.458,0.471,0.085,,,0.080,0.706,0.740,0.741,0.734,0.746,0.751,0.755,0.748,0.079,,,0.077,0.440,0.439,0.447,0.450,0.450,0.450,0.462,0.470,0.090,,,0.135,0.082,0.081,0.078,0.081,0.079,0.078,0.078,0.083,0.157,,,,,,,,,,,,,
15:59:32,37.0,,,,,,,,,,,,,,0.078,0.079,0.079,0.079,0.077,0.077,0.079,0.079,0.081,0.080,,,0.080,0.685,0.745,0.747,0.753,0.749,0.741,0.752,0.744,0.117,,,0.078,0.446,0.450,0.455,0.456,0.452,0.456,0.457,0.471,0.101,,,0.080,0.706,0.740,0.741,0.734,0.746,0.751,0.755,0.748,0.080,,,0.078,0.439,0.439,0.447,0.451,0.450,0.449,0.460,0.470,0.096,,,0.114,0.082,0.081,0.079,0.090,0.079,0.079,0.078,0.106,0.182,,,,,,,,,,,,,
16:05:32,37.0,,,,,,,,,,,,,,0.078,0.079,0.079,0.079,0.077,0.077,0.080,0.079,0.080,0.079,,,0.080,0.685,0.744,0.746,0.752,0.747,0.741,0.751,0.744,0.084,,,0.079,0.445,0.449,0.454,0.456,0.451,0.455,0.455,0.469,0.078,,,0.080,0.705,0.739,0.740,0.734,0.745,0.750,0.755,0.748,0.080,,,0.077,0.439,0.439,0.447,0.449,0.450,0.448,0.461,0.469,0.093,,,0.104,0.082,0.082,0.078,0.081,0.079,0.079,0.078,0.079,0.161,,,,,,,,,,,,,
16:11:32,37.0,,,,,,,,,,,,,,0.078,0.079,0.079,0.079,0.078,0.077,0.080,0.079,0.081,0.080,,,0.080,0.684,0.744,0.745,0.752,0.748,0.740,0.752,0.744,0.081,,,0.079,0.445,0.448,0.453,0.456,0.450,0.453,0.455,0.469,0.099,,,0.080,0.705,0.738,0.740,0.733,0.745,0.750,0.755,0.748,0.080,,,0.078,0.438,0.438,0.446,0.449,0.449,0.448,0.459,0.469,0.092,,,0.102,0.082,0.093,0.079,0.090,0.079,0.079,0.078,0.079,0.135,,,,,,,,,,,,,
16:17:32,37.0,,,,,,,,,,,,,,0.078,0.079,0.095,0.079,0.077,0.077,0.079,0.079,0.081,0.080,,,0.080,0.683,0.744,0.745,0.751,0.747,0.740,0.751,0.744,0.132,,,0.079,0.444,0.448,0.453,0.455,0.450,0.454,0.456,0.468,0.098,,,0.080,0.704,0.737,0.739,0.733,0.744,0.749,0.754,0.748,0.080,,,0.078,0.439,0.437,0.444,0.449,0.449,0.448,0.459,0.468,0.096,,,0.110,0.082,0.081,0.079,0.083,0.079,0.079,0.078,0.079,0.178,,,,,,,,,,,,,
16:23:32,37.0,,,,,,,,,,,,,,0.078,0.079,0.079,0.079,0.077,0.077,0.079,0.079,0.081,0.079,,,0.080,0.683,0.743,0.745,0.751,0.747,0.740,0.751,0.744,0.107,,,0.079,0.444,0.447,0.453,0.454,0.450,0.453,0.454,0.467,0.102,,,0.080,0.703,0.737,0.739,0.732,0.744,0.749,0.753,0.748,0.080,,,0.078,0.439,0.437,0.445,0.449,0.448,0.447,0.459,0.468,0.096,,,0.102,0.082,0.104,0.078,0.086,0.079,0.079,0.078,0.106,0.182,,,,,,,,,,,,,
16:29:32,37.0,,,,,,,,,,,,,,0.078,0.079,0.079,0.079,0.077,0.077,0.079,0.079,0.080,0.079,,,0.080,0.683,0.743,0.744,0.750,0.747,0.739,0.750,0.743,0.094,,,0.079,0.443,0.447,0.452,0.453,0.449,0.453,0.454,0.467,0.084,,,0.080,0.703,0.737,0.739,0.732,0.743,0.749,0.753,0.749,0.079,,,0.077,0.437,0.436,0.444,0.448,0.447,0.446,0.458,0.466,0.095,,,0.112,0.082,0.116,0.078,0.088,0.079,0.078,0.078,0.099,0.167,,,,,,,,,,,,,
16:35:32,37.0,,,,,,,,,,,,,,0.078,0.079,0.080,0.079,0.077,0.077,0.079,0.079,0.080,0.079,,,0.080,0.682,0.742,0.744,0.750,0.746,0.738,0.750,0.743,0.082,,,0.078,0.442,0.446,0.451,0.453,0.448,0.450,0.452,0.466,0.078,,,0.080,0.702,0.736,0.738,0.732,0.743,0.748,0.753,0.749,0.079,,,0.078,0.437,0.436,0.443,0.446,0.446,0.445,0.456,0.466,0.085,,,0.109,0.082,0.081,0.079,0.086,0.079,0.078,0.078,0.079,0.156,,,,,,,,,,,,,
16:41:32,37.0,,,,,,,,,,,,,,0.078,0.079,0.079,0.079,0.077,0.077,0.080,0.079,0.081,0.080,,,0.080,0.682,0.742,0.744,0.751,0.746,0.738,0.750,0.743,0.109,,,0.078,0.442,0.445,0.451,0.452,0.449,0.452,0.452,0.466,0.096,,,0.080,0.701,0.736,0.738,0.731,0.742,0.748,0.753,0.749,0.079,,,0.078,0.436,0.435,0.443,0.447,0.446,0.445,0.457,0.466,0.091,,,0.098,0.082,0.083,0.079,0.083,0.079,0.079,0.078,0.089,0.199,,,,,,,,,,,,,
16:47:32,37.0,,,,,,,,,,,,,,0.078,0.079,0.095,0.079,0.077,0.077,0.079,0.079,0.081,0.080,,,0.080,0.681,0.742,0.743,0.749,0.745,0.738,0.749,0.743,0.129,,,0.078,0.441,0.444,0.451,0.451,0.448,0.451,0.451,0.465,0.095,,,0.080,0.701,0.735,0.737,0.731,0.742,0.747,0.758,0.748,0.080,,,0.078,0.435,0.435,0.441,0.445,0.446,0.445,0.455,0.464,0.096,,,0.134,0.082,0.118,0.079,0.081,0.079,0.079,0.078,0.089,0.175,,,,,,,,,,,,,
16:53:32,37.0,,,,,,,,,,,,,,0.078,0.079,0.079,0.079,0.077,0.077,0.080,0.079,0.081,0.080,,,0.080,0.681,0.741,0.743,0.749,0.745,0.738,0.749,0.743,0.102,,,0.078,0.442,0.445,0.450,0.451,0.447,0.450,0.451,0.464,0.093,,,0.080,0.700,0.735,0.736,0.730,0.741,0.747,0.752,0.749,0.080,,,0.078,0.435,0.435,0.443,0.445,0.445,0.445,0.455,0.465,0.096,,,0.096,0.082,0.090,0.079,0.081,0.079,0.078,0.078,0.078,0.164,,,,,,,,,,,,,
16:59:32,37.0,,,,,,,,,,,,,,0.078,0.079,0.107,0.080,0.078,0.077,0.079,0.079,0.081,0.082,,,0.080,0.681,0.741,0.743,0.749,0.744,0.738,0.748,0.742,0.157,,,0.079,0.442,0.444,0.449,0.452,0.447,0.450,0.452,0.464,0.101,,,0.080,0.700,0.734,0.736,0.729,0.741,0.746,0.750,0.748,0.079,,,0.078,0.435,0.434,0.439,0.445,0.445,0.444,0.455,0.463,0.095,,,0.089,0.083,0.085,0.079,0.080,0.079,0.079,0.078,0.078,0.141,,,,,,,,,,,,,
17:05:32,37.0,,,,,,,,,,,,,,0.078,0.079,0.081,0.079,0.077,0.077,0.079,0.079,0.080,0.080,,,0.080,0.680,0.741,0.742,0.748,0.744,0.736,0.748,0.742,0.108,,,0.078,0.440,0.443,0.449,0.451,0.446,0.449,0.450,0.463,0.100,,,0.080,0.699,0.733,0.736,0.729,0.740,0.745,0.750,0.748,0.079,,,0.078,0.433,0.433,0.440,0.444,0.444,0.444,0.454,0.463,0.097,,,0.096,0.082,0.102,0.078,0.082,0.079,0.079,0.078,0.078,0.136,,,,,,,,,,,,,
17:11:32,37.0,,,,,,,,,,,,,,0.078,0.079,0.083,0.079,0.077,0.077,0.079,0.079,0.081,0.082,,,0.079,0.680,0.740,0.742,0.748,0.744,0.736,0.747,0.742,0.148,,,0.078,0.440,0.443,0.449,0.450,0.446,0.449,0.449,0.463,0.095,,,0.080,0.699,0.733,0.736,0.729,0.740,0.745,0.750,0.748,0.080,,,0.077,0.434,0.432,0.440,0.444,0.444,0.444,0.453,0.462,0.097,,,0.115,0.082,0.099,0.079,0.082,0.079,0.079,0.078,0.079,0.192,,,,,,,,,,,,,
17:17:32,37.0,,,,,,,,,,,,,,0.078,0.079,0.080,0.080,0.078,0.077,0.079,0.079,0.081,0.080,,,0.080,0.680,0.740,0.742,0.747,0.743,0.736,0.748,0.742,0.094,,,0.079,0.440,0.441,0.449,0.450,0.445,0.448,0.449,0.461,0.088,,,0.080,0.698,0.732,0.735,0.729,0.740,0.745,0.749,0.748,0.080,,,0.079,0.433,0.432,0.439,0.444,0.443,0.443,0.454,0.462,0.099,,,0.132,0.082,0.106,0.078,0.087,0.079,0.079,0.078,0.079,0.182,,,,,,,,,,,,,
17:23:32,37.0,,,,,,,,,,,,,,0.078,0.079,0.079,0.079,0.077,0.077,0.079,0.079,0.080,0.079,,,0.080,0.679,0.739,0.742,0.747,0.743,0.736,0.747,0.742,0.081,,,0.079,0.438,0.443,0.448,0.449,0.444,0.448,0.448,0.461,0.081,,,0.080,0.698,0.732,0.735,0.728,0.739,0.745,0.749,0.747,0.079,,,0.077,0.432,0.432,0.439,0.443,0.443,0.442,0.453,0.460,0.099,,,0.111,0.082,0.086,0.078,0.080,0.079,0.079,0.078,0.079,0.159,,,,,,,,,,,,,
17:29:32,37.0,,,,,,,,,,,,,,0.078,0.079,0.079,0.079,0.077,0.077,0.079,0.079,0.080,0.079,,,0.080,0.679,0.739,0.741,0.746,0.742,0.735,0.747,0.741,0.091,,,0.078,0.438,0.442,0.447,0.449,0.444,0.448,0.447,0.461,0.085,,,0.080,0.697,0.731,0.734,0.727,0.739,0.744,0.749,0.747,0.080,,,0.082,0.433,0.431,0.438,0.443,0.441,0.441,0.453,0.459,0.098,,,0.159,0.083,0.121,0.079,0.087,0.079,0.078,0.078,0.094,0.175,,,,,,,,,,,,,
17:35:32,37.0,,,,,,,,,,,,,,0.078,0.079,0.080,0.079,0.078,0.077,0.079,0.079,0.081,0.080,,,0.080,0.679,0.738,0.741,0.746,0.742,0.735,0.746,0.741,0.090,,,0.079,0.438,0.441,0.446,0.448,0.444,0.447,0.447,0.460,0.092,,,0.080,0.697,0.731,0.734,0.727,0.738,0.744,0.748,0.747,0.080,,,0.078,0.432,0.430,0.438,0.442,0.441,0.440,0.452,0.460,0.099,,,0.108,0.082,0.087,0.079,0.083,0.079,0.079,0.078,0.084,0.210,,,,,,,,,,,,,
17:41:32,36.9,,,,,,,,,,,,,,0.078,0.079,0.080,0.079,0.077,0.077,0.080,0.079,0.081,0.079,,,0.080,0.678,0.738,0.741,0.745,0.742,0.734,0.746,0.741,0.092,,,0.079,0.438,0.440,0.446,0.447,0.443,0.445,0.446,0.459,0.088,,,0.080,0.696,0.730,0.734,0.727,0.738,0.744,0.748,0.747,0.079,,,0.078,0.431,0.431,0.437,0.442,0.441,0.440,0.451,0.459,0.099,,,0.122,0.083,0.128,0.079,0.092,0.079,0.079,0.078,0.079,0.126,,,,,,,,,,,,,
17:47:32,37.0,,,,,,,,,,,,,,0.078,0.079,0.079,0.079,0.077,0.077,0.079,0.079,0.081,0.079,,,0.079,0.678,0.738,0.740,0.745,0.741,0.734,0.746,0.741,0.104,,,0.079,0.437,0.440,0.446,0.446,0.442,0.445,0.446,0.458,0.110,,,0.080,0.696,0.730,0.733,0.726,0.738,0.743,0.748,0.747,0.080,,,0.079,0.430,0.429,0.439,0.441,0.440,0.439,0.451,0.458,0.101,,,0.117,0.083,0.090,0.079,0.080,0.079,0.079,0.078,0.079,0.159,,,,,,,,,,,,,
17:53:32,37.0,,,,,,,,,,,,,,0.078,0.079,0.079,0.079,0.077,0.077,0.080,0.079,0.081,0.079,,,0.080,0.677,0.737,0.739,0.744,0.741,0.733,0.746,0.741,0.098,,,0.079,0.437,0.438,0.445,0.447,0.442,0.444,0.446,0.458,0.086,,,0.080,0.696,0.729,0.732,0.725,0.737,0.743,0.747,0.746,0.080,,,0.078,0.430,0.430,0.436,0.439,0.440,0.439,0.450,0.457,0.097,,,0.114,0.082,0.114,0.078,0.085,0.079,0.079,0.078,0.079,0.129,,,,,,,,,,,,,
17:59:32,37.0,,,,,,,,,,,,,,0.078,0.079,0.079,0.079,0.077,0.077,0.080,0.079,0.081,0.081,,,0.080,0.677,0.737,0.739,0.744,0.740,0.733,0.745,0.741,0.136,,,0.079,0.437,0.439,0.445,0.446,0.441,0.444,0.445,0.457,0.101,,,0.080,0.695,0.728,0.732,0.725,0.737,0.742,0.746,0.745,0.080,,,0.078,0.429,0.428,0.435,0.439,0.440,0.438,0.449,0.456,0.095,,,0.134,0.083,0.113,0.079,0.087,0.079,0.079,0.078,0.078,0.189,,,,,,,,,,,,,
18:05:32,37.0,,,,,,,,,,,,,,0.078,0.079,0.079,0.079,0.077,0.077,0.079,0.079,0.080,0.080,,,0.080,0.676,0.737,0.738,0.744,0.740,0.732,0.744,0.741,0.111,,,0.078,0.437,0.438,0.444,0.446,0.442,0.443,0.446,0.457,0.090,,,0.080,0.694,0.728,0.731,0.725,0.736,0.740,0.746,0.746,0.079,,,0.078,0.428,0.429,0.435,0.440,0.439,0.438,0.450,0.455,0.099,,,0.106,0.083,0.127,0.078,0.085,0.079,0.078,0.078,0.078,0.177,,,,,,,,,,,,,
18:11:32,37.0,,,,,,,,,,,,,,0.078,0.079,0.079,0.079,0.077,0.077,0.079,0.079,0.080,0.079,,,0.080,0.676,0.736,0.739,0.743,0.739,0.732,0.744,0.741,0.146,,,0.079,0.435,0.437,0.443,0.445,0.439,0.443,0.443,0.456,0.108,,,0.080,0.693,0.727,0.731,0.724,0.736,0.741,0.745,0.745,0.079,,,0.078,0.429,0.428,0.435,0.438,0.439,0.437,0.448,0.454,0.097,,,0.119,0.082,0.124,0.079,0.081,0.079,0.078,0.078,0.078,0.181,,,,,,,,,,,,,
18:17:32,37.0,,,,,,,,,,,,,,0.078,0.079,0.080,0.080,0.077,0.077,0.080,0.079,0.081,0.079,,,0.080,0.676,0.735,0.738,0.743,0.739,0.732,0.744,0.741,0.081,,,0.079,0.435,0.439,0.443,0.445,0.439,0.443,0.443,0.454,0.084,,,0.080,0.693,0.727,0.730,0.724,0.736,0.740,0.746,0.744,0.080,,,0.078,0.429,0.428,0.435,0.438,0.438,0.436,0.449,0.454,0.095,,,0.197,0.083,0.102,0.079,0.088,0.079,0.079,0.079,0.078,0.156,,,,,,,,,,,,,
18:23:32,37.0,,,,,,,,,,,,,,0.078,0.079,0.079,0.079,0.078,0.078,0.080,0.079,0.081,0.080,,,0.080,0.675,0.735,0.738,0.743,0.739,0.732,0.743,0.741,0.101,,,0.079,0.434,0.438,0.442,0.444,0.439,0.442,0.442,0.454,0.095,,,0.080,0.693,0.726,0.730,0.723,0.735,0.740,0.745,0.744,0.080,,,0.102,0.428,0.427,0.434,0.437,0.436,0.436,0.448,0.453,0.096,,,0.105,0.083,0.113,0.079,0.105,0.079,0.079,0.079,0.080,0.165,,,,,,,,,,,,,
18:29:32,37.0,,,,,,,,,,,,,,0.078,0.079,0.079,0.079,0.077,0.077,0.079,0.079,0.081,0.079,,,0.080,0.675,0.735,0.737,0.742,0.738,0.732,0.742,0.740,0.117,,,0.079,0.434,0.436,0.442,0.443,0.438,0.441,0.441,0.454,0.119,,,0.080,0.692,0.726,0.729,0.722,0.734,0.739,0.744,0.743,0.080,,,0.080,0.428,0.426,0.433,0.437,0.436,0.437,0.446,0.451,0.101,,,0.106,0.083,0.082,0.079,0.109,0.079,0.079,0.079,0.091,0.187,,,,,,,,,,,,,
18:35:32,37.0,,,,,,,,,,,,,,0.078,0.079,0.079,0.079,0.077,0.077,0.079,0.079,0.080,0.080,,,0.080,0.675,0.734,0.737,0.741,0.738,0.730,0.743,0.741,0.116,,,0.079,0.433,0.435,0.441,0.442,0.438,0.441,0.441,0.452,0.114,,,0.080,0.692,0.725,0.728,0.722,0.733,0.738,0.753,0.743,0.080,,,0.078,0.427,0.425,0.433,0.437,0.435,0.435,0.446,0.450,0.099,,,0.113,0.083,0.117,0.078,0.092,0.079,0.079,0.078,0.078,0.177,,,,,,,,,,,,,
18:41:32,37.0,,,,,,,,,,,,,,0.078,0.079,0.079,0.079,0.077,0.077,0.079,0.079,0.080,0.080,,,0.080,0.674,0.734,0.736,0.741,0.737,0.730,0.742,0.741,0.118,,,0.079,0.432,0.435,0.441,0.442,0.437,0.440,0.440,0.451,0.091,,,0.080,0.691,0.725,0.728,0.721,0.733,0.738,0.743,0.743,0.079,,,0.078,0.426,0.425,0.433,0.436,0.435,0.435,0.444,0.451,0.097,,,0.112,0.083,0.121,0.079,0.089,0.079,0.079,0.078,0.078,0.186,,,,,,,,,,,,,
18:47:32,37.0,,,,,,,,,,,,,,0.078,0.079,0.111,0.080,0.077,0.077,0.080,0.079,0.081,0.083,,,0.080,0.674,0.734,0.736,0.741,0.737,0.730,0.741,0.741,0.150,,,0.079,0.433,0.435,0.440,0.442,0.437,0.440,0.441,0.451,0.110,,,0.080,0.691,0.724,0.727,0.721,0.733,0.737,0.742,0.743,0.080,,,0.078,0.426,0.426,0.432,0.435,0.435,0.434,0.444,0.449,0.102,,,0.094,0.083,0.091,0.079,0.098,0.079,0.079,0.078,0.079,0.183,,,,,,,,,,,,,
18:53:32,37.0,,,,,,,,,,,,,,0.078,0.079,0.080,0.079,0.077,0.077,0.079,0.079,0.081,0.080,,,0.080,0.673,0.733,0.736,0.741,0.736,0.729,0.741,0.741,0.114,,,0.079,0.431,0.434,0.439,0.442,0.436,0.439,0.440,0.451,0.104,,,0.080,0.690,0.724,0.727,0.721,0.732,0.737,0.744,0.742,0.080,,,0.078,0.425,0.425,0.432,0.436,0.435,0.434,0.445,0.448,0.105,,,0.116,0.082,0.104,0.079,0.107,0.079,0.079,0.078,0.078,0.210,,,,,,,,,,,,,
18:59:32,37.0,,,,,,,,,,,,,,0.078,0.079,0.080,0.079,0.078,0.077,0.079,0.079,0.080,0.080,,,0.080,0.673,0.733,0.735,0.740,0.736,0.729,0.741,0.741,0.105,,,0.078,0.432,0.434,0.441,0.441,0.436,0.439,0.439,0.451,0.103,,,0.080,0.690,0.723,0.727,0.720,0.732,0.736,0.742,0.742,0.080,,,0.079,0.424,0.424,0.431,0.436,0.434,0.433,0.444,0.449,0.100,,,0.173,0.083,0.086,0.079,0.088,0.079,0.079,0.078,0.079,0.183,,,,,,,,,,,,,
19:05:32,37.0,,,,,,,,,,,,,,0.078,0.079,0.079,0.079,0.077,0.077,0.079,0.079,0.080,0.080,,,0.080,0.673,0.732,0.735,0.739,0.736,0.728,0.740,0.741,0.082,,,0.078,0.430,0.433,0.438,0.439,0.434,0.437,0.437,0.448,0.086,,,0.080,0.689,0.722,0.727,0.719,0.731,0.736,0.741,0.741,0.079,,,0.091,0.425,0.423,0.430,0.434,0.433,0.432,0.442,0.448,0.093,,,0.207,0.082,0.127,0.078,0.091,0.079,0.079,0.078,0.078,0.183,,,,,,,,,,,,,
19:11:32,37.0,,,,,,,,,,,,,,0.078,0.079,0.080,0.080,0.077,0.077,0.079,0.079,0.081,0.080,,,0.080,0.672,0.732,0.735,0.739,0.735,0.728,0.740,0.742,0.113,,,0.079,0.430,0.433,0.437,0.439,0.435,0.438,0.437,0.448,0.097,,,0.080,0.689,0.722,0.726,0.719,0.731,0.736,0.741,0.742,0.080,,,0.082,0.424,0.422,0.430,0.434,0.432,0.432,0.442,0.448,0.097,,,0.192,0.083,0.097,0.079,0.112,0.079,0.079,0.078,0.079,0.185,,,,,,,,,,,,,
19:17:32,37.0,,,,,,,,,,,,,,0.078,0.079,0.080,0.079,0.078,0.077,0.079,0.079,0.080,0.079,,,0.080,0.672,0.732,0.734,0.739,0.735,0.727,0.740,0.741,0.132,,,0.079,0.429,0.432,0.437,0.439,0.434,0.437,0.435,0.447,0.100,,,0.080,0.688,0.722,0.726,0.719,0.731,0.735,0.740,0.741,0.080,,,0.079,0.423,0.423,0.430,0.433,0.433,0.431,0.443,0.446,0.105,,,0.197,0.083,0.112,0.079,0.110,0.079,0.079,0.078,0.078,0.176,,,,,,,,,,,,,
19:23:32,37.0,,,,,,,,,,,,,,0.078,0.079,0.080,0.079,0.077,0.078,0.079,0.079,0.081,0.080,,,0.080,0.672,0.731,0.734,0.739,0.734,0.727,0.739,0.742,0.132,,,0.079,0.430,0.432,0.437,0.438,0.434,0.436,0.436,0.447,0.112,,,0.080,0.688,0.721,0.725,0.718,0.730,0.734,0.740,0.740,0.080,,,0.105,0.423,0.423,0.430,0.434,0.432,0.431,0.441,0.447,0.101,,,0.189,0.083,0.090,0.079,0.092,0.079,0.079,0.078,0.079,0.204,,,,,,,,,,,,,
19:29:32,37.0,,,,,,,,,,,,,,0.078,0.079,0.080,0.080,0.077,0.077,0.079,0.079,0.081,0.080,,,0.080,0.671,0.731,0.734,0.738,0.734,0.727,0.739,0.741,0.090,,,0.079,0.430,0.431,0.437,0.439,0.433,0.436,0.435,0.446,0.102,,,0.080,0.688,0.721,0.725,0.717,0.730,0.734,0.739,0.740,0.080,,,0.082,0.422,0.422,0.428,0.433,0.432,0.430,0.441,0.445,0.102,,,0.181,0.083,0.083,0.079,0.091,0.079,0.079,0.078,0.079,0.181,,,,,,,,,,,,,
19:35:32,37.0,,,,,,,,,,,,,,0.078,0.079,0.080,0.080,0.077,0.077,0.079,0.079,0.081,0.080,,,0.080,0.671,0.731,0.733,0.738,0.733,0.726,0.739,0.741,0.149,,,0.079,0.430,0.431,0.435,0.438,0.433,0.435,0.436,0.444,0.114,,,0.080,0.687,0.720,0.724,0.717,0.729,0.733,0.738,0.740,0.080,,,0.078,0.422,0.423,0.427,0.431,0.431,0.430,0.440,0.443,0.103,,,0.191,0.083,0.125,0.079,0.106,0.079,0.078,0.078,0.079,0.212,,,,,,,,,,,,,
19:41:32,37.0,,,,,,,,,,,,,,0.078,0.079,0.080,0.080,0.077,0.077,0.079,0.079,0.081,0.080,,,0.080,0.671,0.730,0.732,0.738,0.733,0.727,0.738,0.741,0.164,,,0.079,0.428,0.430,0.436,0.437,0.432,0.436,0.436,0.444,0.107,,,0.080,0.686,0.720,0.723,0.717,0.728,0.732,0.738,0.740,0.079,,,0.086,0.421,0.422,0.427,0.433,0.431,0.429,0.441,0.443,0.104,,,0.170,0.083,0.113,0.078,0.089,0.079,0.079,0.078,0.079,0.173,,,,,,,,,,,,,
19:47:32,37.0,,,,,,,,,,,,,,0.078,0.079,0.113,0.080,0.077,0.077,0.079,0.079,0.080,0.079,,,0.080,0.670,0.730,0.732,0.737,0.733,0.726,0.738,0.741,0.150,,,0.079,0.428,0.429,0.434,0.436,0.431,0.434,0.433,0.445,0.091,,,0.080,0.686,0.719,0.723,0.716,0.728,0.732,0.738,0.739,0.080,,,0.104,0.421,0.421,0.427,0.431,0.430,0.428,0.439,0.443,0.100,,,0.169,0.083,0.085,0.078,0.101,0.079,0.079,0.078,0.078,0.154,,,,,,,,,,,,,